StockCode,Description,Category
85048,15CM CHRISTMAS GLASS BALL 20 LIGHTS,Christmas
79323P,PINK CHERRY LIGHTS,Lighting
79323W,WHITE CHERRY LIGHTS,Lighting
22041,"RECORD FRAME 7"" SINGLE SIZE",Home Decor
21232,STRAWBERRY CERAMIC TRINKET BOX,Home Decor
22064,PINK DOUGHNUT TRINKET POT,Home Decor
21871,SAVE THE PLANET MUG,Kitchenware
21523,FANCY FONT HOME SWEET HOME DOORMAT,Home & Garden
22350,CAT BOWL,Pet Items
22349,"DOG BOWL , CHASING BALL DESIGN",Pet Items
22195,HEART MEASURING SPOONS LARGE,Kitchenware
22353,LUNCHBOX WITH CUTLERY FAIRY CAKES,Baby & Kids
48173C,DOOR MAT BLACK FLOCK,Home & Garden
21755,LOVE BUILDING BLOCK WORD,Home Decor
21754,HOME BUILDING BLOCK WORD,Home Decor
84879,ASSORTED COLOUR BIRD ORNAMENT,Home Decor
22119,PEACE WOODEN BLOCK LETTERS,Home Decor
22142,CHRISTMAS CRAFT WHITE FAIRY,Christmas
22296,HEART IVORY TRELLIS LARGE,Garden & Outdoors
22295,HEART FILIGREE DOVE LARGE,Home Decor
22109,FULL ENGLISH BREAKFAST PLATE,Kitchenware
22107,PIZZA PLATE IN BOX,Kitchenware
22194,BLACK DINER WALL CLOCK,Home Decor
35004B,SET OF 3 BLACK FLYING DUCKS,Home Decor
82582,AREA PATROLLED METAL SIGN,Home Decor
21181,PLEASE ONE PERSON  METAL SIGN,Home Decor
21756,BATH BUILDING BLOCK WORD,Bathroom
21333,CLASSIC WHITE FRAME,Home Decor
84596F,SMALL MARSHMALLOWS PINK BOWL,Food & Beverage
84596L,BISCUITS SMALL BOWL LIGHT BLUE,Food & Beverage
22111,SCOTTIE DOG HOT WATER BOTTLE,Personal Care
22143,CHRISTMAS CRAFT HEART DECORATIONS,Christmas
22145,CHRISTMAS CRAFT HEART STOCKING,Christmas
22130,PARTY CONE CHRISTMAS DECORATION,Christmas
21364,PEACE SMALL WOOD LETTERS,Home Decor
21360,JOY LARGE WOOD LETTERS,Home Decor
21351,CINAMMON & ORANGE WREATH,Home Decor
21352,EUCALYPTUS & PINECONE  WREATH,Home Decor
35400,WOODEN BOX ADVENT CALENDAR,Christmas
20695,FLORAL BLUE MONSTER,Toys & Games
37370,RETRO COFFEE MUGS ASSORTED,Kitchenware
10002,INFLATABLE POLITICAL GLOBE,Home Decor
84507B,STRIPES DESIGN MONKEY DOLL,Toys & Games
20703,BLUE PADDED SOFT MOBILE,Baby & Kids
21987,PACK OF 6 SKULL PAPER CUPS,Party Supplies
21989,PACK OF 20 SKULL PAPER NAPKINS,Party Supplies
84970S,HANGING HEART ZINC T-LIGHT HOLDER,Home Decor
20971,PINK BLUE FELT CRAFT TRINKET BOX,Sewing & Craft
22271,FELTCRAFT DOLL ROSIE,Toys & Games
22272,FELTCRAFT DOLL MARIA,Toys & Games
22274,FELTCRAFT DOLL EMILY,Toys & Games
21912,VINTAGE SNAKES & LADDERS,Toys & Games
22112,CHOCOLATE HOT WATER BOTTLE,Home & Garden
21329,DINOSAURS  WRITING SET,Stationery
21252,SET OF MEADOW  FLOWER STICKERS,Stationery
21100,CHARLIE AND LOLA CHARLOTTE BAG,Bags & Luggage
21033,JUMBO BAG CHARLIE AND LOLA TOYS,Bags & Luggage
20711,JUMBO BAG TOYS,Bags & Luggage
21410,COUNTRY COTTAGE  DOORSTOP GREEN,Home Decor
21411,GINGHAM HEART  DOORSTOP RED,Home Decor
84031A,CHARLIE+LOLA RED HOT WATER BOTTLE,Home & Garden
84031B,CHARLIE LOLA BLUE HOT WATER BOTTLE,Home & Garden
84032A,CHARLIE+LOLA PINK HOT WATER BOTTLE,Home & Garden
84032B,CHARLIE + LOLA RED HOT WATER BOTTLE,Home & Garden
84519A,TOMATO CHARLIE+LOLA COASTER SET,Kitchenware
84519B,CARROT CHARLIE+LOLA COASTER SET,Kitchenware
85132A,CHARLIE + LOLA BISCUITS TINS,Kitchenware
85132C,CHARLIE AND LOLA FIGURES TINS,Kitchenware
85183A,CHARLIE & LOLA WASTEPAPER BIN BLUE,Home Decor
85183B,CHARLIE & LOLA WASTEPAPER BIN FLORA,Home Decor
22065,CHRISTMAS PUDDING TRINKET POT,Christmas
22138,BAKING SET 9 PIECE RETROSPOT,Kitchenware
22139,RETRO SPOT TEA SET CERAMIC 11 PC,Kitchenware
22352,LUNCHBOX WITH CUTLERY RETROSPOT,Baby & Kids
85014A,BLACK/BLUE DOTS RUFFLED UMBRELLA,Baby & Kids
85014B,RED/WHITE DOTS RUFFLED UMBRELLA,Baby & Kids
16161P,WRAP ENGLISH ROSE,Gift Packaging
16169N,WRAP BLUE RUSSIAN FOLKART,Gift Packaging
21491,SET OF THREE VINTAGE GIFT WRAPS,Gift Packaging
22333,RETRO SPORT PARTY BAG + STICKER SET,Party Supplies
85216,ASSORTED CAKES FRIDGE MAGNETS,Home Decor
21493,VINTAGE DESIGN GIFT TAGS,Gift Packaging
21731,RED TOADSTOOL LED NIGHT LIGHT,Lighting
85232B,SET/3 RUSSIAN DOLL STACKING TINS,Kitchenware
84691,PACK 20 DOLLY PEGS,Home & Garden
20749,ASSORTED COLOUR MINI CASES,Storage
POST,POSTAGE,Special_Code
22321,BIRD DECORATION RED SPOT,Home Decor
84029E,RED WOOLLY HOTTIE WHITE HEART.,Personal Care
21955,UNION JACK GUNS & ROSES  DOORMAT,Home & Garden
84899E,YELLOW + BROWN BEAR FELT PURSE KIT,Sewing & Craft
85123A,WHITE HANGING HEART T-LIGHT HOLDER,Home Decor
21582,KINGS CHOICE SMALL TUBE MATCHES,Home & Garden
21586,KINGS CHOICE GIANT TUBE MATCHES,Home & Garden
21590,KINGS CHOICE CIGAR BOX MATCHES,Home & Garden
22091,EMPIRE TISSUE BOX,Bathroom
84251J,"GREETING CARD, THE BLACK CAT",Stationery
22024,RAINY LADIES BIRTHDAY CARD,Stationery
22026,BANQUET BIRTHDAY  CARD,Stationery
22029,SPACE BOY BIRTHDAY CARD,Stationery
22025,RING OF ROSES BIRTHDAY CARD,Stationery
22031,BOTANICAL LAVENDER BIRTHDAY CARD,Stationery
21428,SET3 BOOK BOX GREEN GINGHAM FLOWER,Storage
21430,SET/3 RED GINGHAM ROSE STORAGE BOX,Storage
21916,SET 12 RETRO WHITE CHALK STICKS,Stationery
21790,VINTAGE SNAP CARDS,Toys & Games
21888,BINGO SET,Toys & Games
85178,VICTORIAN SEWING KIT,Sewing & Craft
20754,RETRO RED SPOTTY WASHING UP GLOVES,Cleaning Supplies
21035,SET/2 RED SPOTTY TEA TOWELS,Kitchenware
82001S,VINYL RECORD FRAME SILVER,Home Decor
82580,BATHROOM METAL SIGN,Bathroom
85150,LADIES & GENTLEMEN METAL SIGN,Home Decor
21041,RED SPOTTY OVEN GLOVE DOUBLE,Kitchenware
35916C,PINK FELT HANGING HEART W FLOWER,Home Decor
35916B,BLUE FELT HANGING HEART W FLOWER,Home Decor
22180,RETRO SPOT LAMP,Lighting
22128,PARTY CONES CANDY ASSORTED,Party Supplies
22163,HEART STRING MEMO HOLDER HANGING,Home Decor
35951,FOLKART BAUBLE CHRISTMAS DECORATION,Christmas
22253,6 CROCHET STRAWBERRIES,Toys & Games
84988,SET OF 72 PINK HEART PAPER DOILIES,Party Supplies
22219,LOVEBIRD HANGING DECORATION WHITE,Home Decor
18097C,WHITE TALL PORCELAIN T-LIGHT HOLDER,Home Decor
21299,EDWARDIAN TOILET ROLL UNIT,Bathroom
21099,SET/6 STRAWBERRY PAPER CUPS,Party Supplies
21085,SET/6 WOODLAND PAPER CUPS,Party Supplies
21929,JUMBO BAG PINK VINTAGE PAISLEY,Bags & Luggage
22241,"GARLAND , WOODEN  "" HAPPY EASTER""",Easter
21091,SET/6 WOODLAND PAPER PLATES,Party Supplies
21733,RED HANGING HEART T-LIGHT HOLDER,Home Decor
22178,VICTORIAN GLASS HANGING T-LIGHT,Home Decor
22125,UNION JACK HOT WATER BOTTLE,Personal Care
21671,RED SPOT CERAMIC DRAWER KNOB,Hardware & Tools
22086,PAPER CHAIN KIT 50'S CHRISTMAS,Christmas
22294,HEART FILIGREE DOVE  SMALL,Home Decor
22199,FRYING PAN RED POLKADOT,Kitchenware
22083,PAPER CHAIN KIT RETRO SPOT,Party Supplies
22114,HOT WATER BOTTLE TEA AND SYMPATHY,Personal Care
21485,RED SPOT HEART HOT WATER BOTTLE,Personal Care
21928,JUMBO BAG SCANDINAVIAN PAISLEY,Bags & Luggage
85099B,JUMBO BAG RED WHITE SPOTTY,Bags & Luggage
22356,"CHARLOTTE BAG , PINK/WHITE SPOTS",Bags & Luggage
20724,RED SPOTTY CHARLOTTE BAG,Bags & Luggage
21592,RETRO SPOT  CIGAR BOX MATCHES,Home Decor
20725,LUNCH BAG RED SPOTTY,Bags & Luggage
20728,LUNCH BAG CARS BLUE,Bags & Luggage
20726,LUNCH BAG WOODLAND,Bags & Luggage
21217,RED SPOTTY ROUND CAKE TINS,Kitchenware
85066,CREAM SWEETHEART MINI CHEST,Storage
20827,GOLD APERITIF GLASS,Kitchenware
20825,GOLD WINE GLASS,Kitchenware
20823,GOLD WINE GOBLET,Kitchenware
20826,SILVER APERITIF GLASS,Kitchenware
22087,PAPER BUNTING WHITE LACE,Party Supplies
85206A,CREAM FELT EASTER EGG BASKET,Easter
21895,POTTING SHED SOW 'N' GROW SET,Garden & Outdoors
21896,POTTING SHED TWINE,Garden & Outdoors
84946,ANTIQUE SILVER TEA GLASS ETCHED,Kitchenware
22090,PAPER BUNTING RETRO SPOTS,Party Supplies
21977,PACK OF 60 PINK PAISLEY CAKE CASES,Kitchenware
84991,60 TEATIME FAIRY CAKE CASES,Kitchenware
22273,FELTCRAFT DOLL MOLLY,Toys & Games
22179,SET 10 LIGHTS NIGHT OWL,Lighting
22320,BIRDS MOBILE VINTAGE DESIGN,Baby & Kids
22232,3 PIECE JIGSAW TOADSTOOLS,Toys & Games
84598,BOYS ALPHABET IRON ON PATCHES,Sewing & Craft
79323S,SILVER CHERRY LIGHTS,Lighting
84568,GIRLS ALPHABET IRON ON PATCHES,Sewing & Craft
21668,RED STRIPE CERAMIC DRAWER KNOB,Hardware & Tools
21669,BLUE STRIPE CERAMIC DRAWER KNOB,Hardware & Tools
21670,BLUE SPOT CERAMIC DRAWER KNOB,Hardware & Tools
21672,WHITE SPOT RED CERAMIC DRAWER KNOB,Hardware & Tools
21673,WHITE SPOT BLUE CERAMIC DRAWER KNOB,Hardware & Tools
85071A,BLUE CHARLIE+LOLA PERSONAL DOORSIGN,Home Decor
85071B,RED CHARLIE+LOLA PERSONAL DOORSIGN,Home Decor
21161,KEEP OUT BOYS DOOR HANGER,Home Decor
21162,TOXIC AREA  DOOR HANGER,Home Decor
21248,DOOR HANGER  MUM + DADS ROOM,Home Decor
21159,MOODY BOY  DOOR HANGER,Home Decor
82494L,WOODEN FRAME ANTIQUE WHITE,Home Decor
82486,WOOD S/3 CABINET ANT WHITE FINISH,Furniture
82483,WOOD 2 DRAWER CABINET WHITE FINISH,Furniture
90200D,PINK SWEETHEART BRACELET,Jewelry & Accessories
90200E,GREEN SWEETHEART BRACELET,Jewelry & Accessories
21212,PACK OF 72 RETRO SPOT CAKE CASES,Kitchenware
72756,FAIRY CAKE CANDLES,Candles & Fragrance
22063,CERAMIC BOWL WITH STRAWBERRY DESIGN,Kitchenware
37450,CERAMIC CAKE BOWL + HANGING CAKES,Kitchenware
90200A,PURPLE SWEETHEART BRACELET,Jewelry & Accessories
90200C,BLUE SWEETHEART BRACELET,Jewelry & Accessories
90200B,BLACK SWEETHEART BRACELET,Jewelry & Accessories
90185C,BLACK DIAMANTE EXPANDABLE RING,Jewelry & Accessories
90185B,AMETHYST DIAMANTE EXPANDABLE RING,Jewelry & Accessories
90003C,MIDNIGHT BLUE PAIR HEART HAIR SLIDE,Jewelry & Accessories
90003D,CRYSTAL PAIR HEART HAIR SLIDES,Jewelry & Accessories
90003B,ROSE COLOUR PAIR HEART HAIR SLIDES,Jewelry & Accessories
90209C,PINK ENAMEL+GLASS HAIR COMB,Jewelry & Accessories
90209A,PURPLE ENAMEL+GLASS HAIR COMB,Jewelry & Accessories
90082D,DIAMANTE BOW BROOCH BLACK COLOUR,Jewelry & Accessories
21707,"FOLDING UMBRELLA , BLACK/BLUE  SPOT",Baby & Kids
21710,FOLDING UMBRELLA  PINK/WHITE  SPOT,Baby & Kids
21708,FOLDING UMBRELLA  CREAM/MULTI  SPOT,Baby & Kids
21706,"FOLDING UMBRELLA , RED/WHITE SPOT",Baby & Kids
21711,FOLDING UMBRELLA  WHITE/RED  SPOT,Baby & Kids
20747,PICCADILLY TEA SET,Kitchenware
20752,RETRO BLUE SPOTTY WASHING UP GLOVES,Cleaning Supplies
20753,RETRO PINK SPOT WASHING UP GLOVES,Cleaning Supplies
20751,FUNKY WASHING UP GLOVES ASSORTED,Cleaning Supplies
48185,DOOR MAT FAIRY CAKE,Home & Garden
21481,FAWN BLUE HOT WATER BOTTLE,Personal Care
85042,ANTIQUE LILY FAIRY LIGHTS,Lighting
72760B,VINTAGE CREAM 3 BASKET CAKE STAND,Kitchenware
21482,MUSHROOM BLUE HOT WATER BOTTLE,Personal Care
21484,CHICK GREY HOT WATER BOTTLE,Personal Care
20967,GREY FLORAL FELTCRAFT SHOULDER BAG,Bags & Luggage
20970,PINK FLORAL FELTCRAFT SHOULDER BAG,Bags & Luggage
84582,PINK CROCHET CAT WITH SCARF,Toys & Games
20972,PINK CREAM FELT CRAFT TRINKET BOX,Home Decor
84327A,PINK JUMPER LARRY THE LAMB,Clothing & Shoes
21490,SET OF THREE 50'S GIFT WRAPS,Gift Packaging
21063,PARTY INVITES JAZZ HEARTS,Party Supplies
21058,PARTY INVITES WOODLAND,Party Supplies
84997D,PINK 3 PIECE MINI DOTS CUTLERY SET,Kitchenware
84997C,BLUE 3 PIECE MINI DOTS CUTLERY SET,Kitchenware
22301,COFFEE MUG CAT + BIRD DESIGN,Kitchenware
22300,COFFEE MUG DOG + BALL DESIGN,Kitchenware
21231,SWEETHEART CERAMIC TRINKET BOX,Home Decor
20870,OPULENT VELVET CANDLE IN BOX,Candles & Fragrance
90121B,VINTAGE ROSE BEAD BRACELET BLUE,Jewelry & Accessories
90175A,WHITE GLASS CHUNKY CHARM BRACELET,Jewelry & Accessories
90195B,BLACK GEMSTONE BRACELET,Jewelry & Accessories
90062,CARNIVAL BRACELET,Jewelry & Accessories
21930,JUMBO STORAGE BAG SKULLS,Storage
21472,LADYBIRD + BEE RAFFIA FOOD COVER,Kitchenware
47566B,TEA TIME PARTY BUNTING,Party Supplies
22275,WEEKEND BAG VINTAGE ROSE PAISLEY,Bags & Luggage
21479,WHITE SKULL HOT WATER BOTTLE,Personal Care
21791,VINTAGE HEADS AND TAILS CARD GAME,Toys & Games
71477,COLOUR GLASS. STAR T-LIGHT HOLDER,Home Decor
37449,CERAMIC CAKE STAND + HANGING CAKES,Kitchenware
37446,MINI CAKE STAND WITH HANGING CAKES,Kitchenware
21258,VICTORIAN SEWING BOX LARGE,Sewing & Craft
20892,SET/3 TALL GLASS CANDLE HOLDER PINK,Candles & Fragrance
47591D,PINK FAIRY CAKE CHILD'S APRON,Baby & Kids
21867,PINK UNION JACK  LUGGAGE TAG,Bags & Luggage
82551,LAUNDRY 15C METAL SIGN,Bathroom
82567,"AIRLINE LOUNGE,METAL SIGN",Bathroom
82613D,METAL SIGN CUPCAKE SINGLE HOOK,Bathroom
21179,NO JUNK MAIL METAL SIGN,Bathroom
21865,PINK UNION JACK  PASSPORT COVER,Bags & Luggage
72783,BLACK SIL'T SQU CANDLE PLATE,Candles & Fragrance
20719,WOODLAND CHARLOTTE BAG,Bags & Luggage
21869,POTTING SHED COFFEE MUG,Kitchenware
21876,POTTERING MUG,Kitchenware
84849B,FAIRY SOAP SOAP HOLDER,Bathroom
21864,UNION JACK FLAG PASSPORT COVER,Bags & Luggage
21470,FLOWER VINE RAFFIA FOOD COVER,Kitchenware
20897,VINTAGE NOTEBOOK PARIS DAYS,Stationery
44230,SQUARE MIRROR CURTAIN,Home Decor
37485,ENGLISH ROSE TEA SET IN GIFT BOX,Kitchenware
84997A,GREEN 3 PIECE MINI DOTS CUTLERY SET,Kitchenware
21245,GREEN  SPOTTY PLATE,Kitchenware
21241,GREEN SPOTTY CUP,Kitchenware
21705,BAG 500g SWIRLY MARBLES,Toys & Games
21913,VINTAGE SEASIDE JIGSAW PUZZLES,Toys & Games
16207A,PINK STRAWBERRY HANDBAG,Bags & Luggage
21821,GLITTER STAR GARLAND WITH BELLS,Party Supplies
22319,HAIRCLIPS FORTIES FABRIC ASSORTED,Jewelry & Accessories
21584,RETRO SPOT SMALL TUBE MATCHES,Home & Garden
21931,JUMBO STORAGE BAG SUKI,Storage
47591A,CAROUSEL DES CHILD'S APRON,Baby & Kids
84997B,RED 3 PIECE MINI DOTS CUTLERY SET,Kitchenware
22122,SET OF 2 FANCY FONT TEA TOWELS,Kitchenware
21837,CROSS STITCH ALPHABET CUSHION COVER,Home Decor
84951A,S/4 PISTACHIO LOVEBIRD COASTERS,Home Decor
22335,HEART DECORATION PAINTED ZINC,Home Decor
85129A,"WHITE PEARL BEADED HEART, SMALL",Home Decor
84791,GINGHAM HEART DECORATION,Home Decor
21244,BLUE  SPOTTY PLATE,Kitchenware
20675,BLUE SPOTTY BOWL,Kitchenware
82616B,FRAPPUCINO SCARF KNITTING KIT,Sewing & Craft
22276,WASH BAG VINTAGE ROSE PAISLEY,Bathroom
84912B,GREEN ROSE WASHBAG,Bathroom
85014C,BLUE/BROWN DOTS RUFFLED UMBRELLA,Baby & Kids
85014D,PINK/BROWN DOTS RUFFLED UMBRELLA,Baby & Kids
21326,AGED GLASS SILVER T-LIGHT HOLDER,Home Decor
84949,SILVER HANGING T-LIGHT HOLDER,Home Decor
21908,CHOCOLATE THIS WAY METAL SIGN,Home Decor
21371,MIRRORED WALL ART POPPIES,Home Decor
85152,HAND OVER THE CHOCOLATE   SIGN,Home Decor
21133,PAINTED BIRD ASSORTED CHRISTMAS,Christmas
20984,12 PENCILS TALL TUBE POSY,Stationery
20982,12 PENCILS TALL TUBE SKULLS,Stationery
84971L,LARGE HEART FLOWERS HOOK,Home & Garden
90168,2 DAISIES HAIR COMB,Jewelry & Accessories
84884A,ANT WHITE WIRE HEART SPIRAL,Home Decor
90013C,GREEN VINTAGE EARRINGS,Jewelry & Accessories
90023,FILIGREE DIAMANTE EARRINGS,Jewelry & Accessories
90067A,PINK VINTAGE VICTORIAN EARRINGS,Jewelry & Accessories
90067B,BROWN VINTAGE VICTORIAN EARRINGS,Jewelry & Accessories
90145,SILVER HOOP EARRINGS WITH FLOWER,Jewelry & Accessories
90000A,RASPBERRY ANT COPPER FLOWER NECKLAC,Jewelry & Accessories
90024B,NEW BAROQUE B'FLY NECKLACE RED,Jewelry & Accessories
90036D,"FLOWER GLASS GARLAND NECKL.36""BLACK",Jewelry & Accessories
90134,OLD ROSE COMBO BEAD NECKLACE,Jewelry & Accessories
90131,PINK/AMETHYST/GOLD NECKLACE,Jewelry & Accessories
90199C,5 STRAND GLASS NECKLACE CRYSTAL,Jewelry & Accessories
35751C,PURPLE CURRENT CANDLE RING,Home Decor
72739B,WHITE CHOCOLATE SCENT CANDLE,Candles & Fragrance
22212,FOUR HOOK  WHITE LOVEBIRDS,Home & Garden
48187,DOOR MAT NEW ENGLAND,Home & Garden
48195,DOOR MAT GREEN PAISLEY,Home & Garden
72741,GRAND CHOCOLATECANDLE,Candles & Fragrance
85232D,SET/3 DECOUPAGE STACKING TINS,Storage
20828,GLITTER BUTTERFLY CLIPS,Stationery
22080,RIBBON REEL SPOTS DESIGN,Sewing & Craft
22082,RIBBON REEL STRIPES DESIGN,Sewing & Craft
21784,SHOE SHINE BOX,Miscellaneous
21172,PARTY METAL SIGN,Party Supplies
82600,NO SINGING METAL SIGN,Bathroom
22282,12 EGG HOUSE PAINTED WOOD,Easter
21842,PINK HEART CANDY BUTTON CALCULATOR,Stationery
22089,PAPER BUNTING VINTAGE PAISLEY,Party Supplies
20734,SILVER MINI TAPE MEASURE,Hardware & Tools
35071,ASSORTED SANTA CHRISTMAS DECORATION,Christmas
22121,NOEL WOODEN BLOCK LETTERS,Home Decor
84836,ZINC METAL HEART DECORATION,Home Decor
37492A,YELLOW RED FLOWER PIGGY BANK,Toys & Games
10133,COLOURING PENCILS BROWN TUBE,Stationery
22113,GREY HEART HOT WATER BOTTLE,Personal Care
20782,CAMOUFLAGE EAR MUFF HEADPHONES,Miscellaneous
22190,LOCAL CAFE MUG,Kitchenware
84029G,KNITTED UNION FLAG HOT WATER BOTTLE,Personal Care
21489,BLUE WHITE SCARF HOT WATER BOTTLE,Personal Care
20987,GEISHA GIRL CHOPSTICKS SET/5,Kitchenware
20989,URBAN CHIC CHOPSTICKS SET/5,Kitchenware
21868,POTTING SHED TEA MUG,Kitchenware
21875,KINGS CHOICE MUG,Kitchenware
21826,EIGHT PIECE DINOSAUR SET,Toys & Games
21827,EIGHT PIECE CREEPY CRAWLIE SET,Toys & Games
21828,EIGHT PIECE SNAKE  SET,Toys & Games
16225,RATTLE SNAKE EGGS,Easter
21829,DINOSAUR KEYRINGS ASSORTED,Jewelry & Accessories
21638,ASSORTED TUTTI FRUTTI NOTEBOOK,Stationery
22218,CAKE STAND LACE WHITE,Kitchenware
22222,CAKE PLATE LOVEBIRD WHITE,Kitchenware
22305,COFFEE MUG PINK PAISLEY DESIGN,Kitchenware
22304,COFFEE MUG BLUE PAISLEY DESIGN,Kitchenware
22302,COFFEE MUG PEARS  DESIGN,Kitchenware
22303,COFFEE MUG APPLES DESIGN,Kitchenware
22127,PARTY CONES CARNIVAL ASSORTED,Party Supplies
21143,ANTIQUE GLASS HEART DECORATION,Home Decor
21639,ASSORTED TUTTI FRUTTI KEYRING,Jewelry & Accessories
22154,ANGEL DECORATION 3 BUTTONS,Home Decor
22155,STAR DECORATION RUSTIC,Home Decor
21889,WOODEN BOX OF DOMINOES,Toys & Games
85045,GREEN CHRISTMAS TREE STRING 20LIGHT,Christmas
85044,RED REINDEER STRING OF 20 LIGHTS,Christmas
21587,COSY HOUR GIANT TUBE MATCHES,Home & Garden
21588,RETRO SPOT GIANT  TUBE MATCHES,Home & Garden
21818,GLITTER CHRISTMAS HEART,Christmas
21819,GLITTER CHRISTMAS STAR,Christmas
21817,GLITTER CHRISTMAS TREE,Christmas
48111,DOOR MAT 3 SMILEY CATS,Home & Garden
20685,RED SPOTTY COIR DOORMAT,Home & Garden
48194,DOORMAT HEARTS,Home & Garden
21495,SKULLS WRAP,Gift Packaging
47505,MINATURE COLOURED GARDENING SET,Garden & Outdoors
10135,COLOURING PENCILS BROWN TUBE,Stationery
37492C,GREEN BLUE FLOWER PIGGY BANK,Toys & Games
20677,PINK SPOTTY BOWL,Kitchenware
20676,RED SPOTTY BOWL,Kitchenware
21086,SET/6 RED SPOTTY PAPER CUPS,Party Supplies
21948,SET OF 6 CAKE CHOPSTICKS,Kitchenware
21833,CAMOUFLAGE LED TORCH,Sports & Outdoors
21832,CHOCOLATE CALCULATOR,Food & Beverage
22315,200 RED + WHITE BENDY STRAWS,Party Supplies
21870,I CAN ONLY PLEASE ONE PERSON MUG,Kitchenware
22115,METAL SIGN EMPIRE TEA,Home Decor
21166,COOK WITH WINE METAL SIGN,Home Decor
21175,GIN + TONIC DIET METAL SIGN,Home Decor
21174,POTTERING IN THE SHED METAL SIGN,Home Decor
22197,"POPCORN HOLDER , SMALL",Party Supplies
21094,SET/6 RED SPOTTY PAPER PLATES,Party Supplies
72724,SET/6 CHRISTMAS ICICLE T-LIGHTS,Christmas
22103,MIRROR MOSAIC T-LIGHT HOLDER ROUND,Home Decor
37424,WHITE WITH BLACK CATS MUG,Kitchenware
21136,PAINTED METAL PEARS ASSORTED,Home Decor
21238,RED SPOTTY CUP,Kitchenware
21240,BLUE  SPOTTY CUP,Kitchenware
21239,PINK  SPOTTY CUP,Kitchenware
84007,MAGIC GARDEN MOUNT FUJI,Toys & Games
84012,MAGIC SHEEP WOOL GROWING FROM PAPER,Toys & Games
22077,6 RIBBONS RUSTIC CHARM,Gift Packaging
85049A,TRADITIONAL CHRISTMAS RIBBONS,Christmas
85049E,SCANDINAVIAN REDS RIBBONS,Christmas
22075,6 RIBBONS ELEGANT CHRISTMAS,Christmas
22076,6 RIBBONS EMPIRE,Gift Packaging
79323LP,LIGHT PINK CHERRY LIGHTS,Lighting
79342B,BROWN FLOWER LIGHTS,Lighting
79341,WILLOW BRANCH LIGHTS.,Lighting
85226C,BLUE PULL BACK RACING CAR,Toys & Games
85227,SET/6 3D KIT CARDS FOR KIDS,Toys & Games
21976,PACK OF 60 MUSHROOM CAKE CASES,Kitchenware
21498,RED SPOTS  WRAP,Gift Packaging
84948,SILVER HANGING T-LIGHT HOLDER DOME,Home Decor
21537,RETRO SPOTS PUDDING BOWL,Kitchenware
20718,RED SPOTTY SHOPPER BAG,Bags & Luggage
21539,RETRO SPOTS BUTTER DISH,Kitchenware
16169F,WRAP BLIZZARD,Gift Packaging
21527,RETRO SPOT TRADITIONAL TEAPOT,Kitchenware
21533,RETRO SPOT LARGE MILK JUG,Kitchenware
21531,RETRO SPOT SUGAR JAM BOWL,Kitchenware
20914,SET/5 RED SPOTTY LID GLASS BOWLS,Kitchenware
21242,RED SPOTTY PLATE,Kitchenware
21535,RETRO SPOT SMALL MILK JUG,Kitchenware
21844,RETRO SPOT MUG,Kitchenware
22073,RETRO SPOT STORAGE JAR,Storage
22072,TEA CUP AND SAUCER RETRO SPOT,Kitchenware
15056BL,EDWARDIAN PARASOL BLACK,Jewelry & Accessories
15056N,EDWARDIAN PARASOL NATURAL,Jewelry & Accessories
22254,FELT TOADSTOOL LARGE,Home Decor
22255,FELT TOADSTOOL  SMALL,Home Decor
46000S,POLYESTER FILLER PAD 40x40cm,Sewing & Craft
20964,POLYESTER FILLER PAD 60x40cm,Sewing & Craft
21788,KIDS RAIN MAC BLUE,Baby & Kids
21789,KIDS RAIN MAC PINK,Baby & Kids
20682,RED SPOTTY CHILDS UMBRELLA,Baby & Kids
84832,ZINC WILLIE WINKIE  CANDLE STICK,Home Decor
85063,CREAM SWEETHEART MAGAZINE RACK,Furniture
48129,DOOR MAT TOPIARY,Home & Garden
22030,SWALLOWS GREETING CARD,Stationery
21081,SET/20 POSIES PAPER NAPKINS,Party Supplies
20773,BLUE PAISLEY NOTEBOOK,Stationery
20767,BLUE PAISLEY JOURNAL,Stationery
22028,PENNY FARTHING BIRTHDAY CARD,Stationery
20622,VIPPASSPORT COVER,Jewelry & Accessories
21122,SET/10 PINK SPOTTY PARTY CANDLES,Party Supplies
21124,SET/10 BLUE SPOTTY PARTY CANDLES,Party Supplies
20657,TROPICAL LUGGAGE TAG,Bags & Luggage
16156N,"WRAP, FRIENDSHIP ON GREEN",Gift Packaging
20673,STRAWBERRIES PRINT BOWL,Kitchenware
84520B,PACK 20 ENGLISH ROSE PAPER NAPKINS,Home Decor
20619,TROPICAL PASSPORT COVER,Bags & Luggage
21866,UNION JACK FLAG LUGGAGE TAG,Bags & Luggage
20660,VIP LUGGAGE TAG,Bags & Luggage
20777,CHRYSANTHEMUM NOTEBOOK,Stationery
20774,GREEN FERN NOTEBOOK,Stationery
22037,ROBOT BIRTHDAY CARD,Party Supplies
22036,DINOSAUR BIRTHDAY CARD,Party Supplies
21726,MULTI HEARTS  STICKERS,Stationery
21544,SKULLS  WATER TRANSFER TATTOOS,Toys & Games
21004,ROSE DU SUD CHILDS APRON,Baby & Kids
84402D,PINK DRESS JEWELLERY STAND,Home Decor
84660B,BLACK STITCHED WALL CLOCK,Home Decor
21429,RED GINGHAM ROSE JEWELLERY BOX,Home Decor
72754B,F FAIRY POTPOURRI CUSHIONS LAVENDER,Home Decor
21500,PINK SPOTS  WRAP,Gift Packaging
21431,GREEN GINGHAM FLOWER JEWELLERY BOX,Home Decor
20748,KENSINGTON COFFEE SET,Kitchenware
72802B,OCEAN SCENT CANDLE IN JEWELLED BOX,Candles & Fragrance
79029,GLASS HONEYPOT WASP CATCHER,Garden & Outdoors
21591,COSY HOUR CIGAR BOX MATCHES,Home & Garden
72801E,S/4 FESTIVE GREEN DINNER CANDLES,Candles & Fragrance
21034,REX CASH+CARRY JUMBO SHOPPER,Storage
85049D,BRIGHT BLUES RIBBONS,Gift Packaging
21985,PACK OF 12 HEARTS DESIGN TISSUES,Personal Care
21980,PACK OF 12 RED SPOTTY TISSUES,Personal Care
16235,RECYCLED PENCIL WITH RABBIT ERASER,Stationery
84347,ROTATING SILVER ANGELS T-LIGHT HLDR,Home Decor
84990,60 GOLD AND SILVER FAIRY CAKE CASES,Party Supplies
85231E,STRAWBERRY SCENTED SET/9 T-LIGHTS,Candles & Fragrance
85231B,CINAMMON SET OF 9 T-LIGHTS,Candles & Fragrance
72008,FROSTED BOX 9 WHITE T-LIGHT CANDLES,Candles & Fragrance
22071,SMALL RETRO SPOT MUG IN BOX  WHITE,Kitchenware
22070,SMALL RETRO SPOT MUG IN BOX  RED,Kitchenware
84270,ASSTD DESIGN BUBBLE GUM RING,Jewelry & Accessories
85049C,ROMANTIC PINKS RIBBONS,Gift Packaging
84352,SILVER CHRISTMAS TREE BAUBLE STAND,Christmas
79067,CORONA MEXICAN TRAY,Kitchenware
22203,MILK PAN RED RETROSPOT,Kitchenware
21353,SILVER SLEIGHBELL  WREATH,Home Decor
21540,DAIRY MAID CERAMIC BUTTER DISH,Kitchenware
21538,DAIRY MAID  PUDDING BOWL,Kitchenware
21534,DAIRY MAID LARGE MILK JUG,Kitchenware
85053,FRENCH ENAMEL CANDLEHOLDER,Candles & Fragrance
22118,JOY WOODEN BLOCK LETTERS,Home Decor
21375,LARGE CAMPHOR WOOD FIELD MUSHROOM,Home Decor
22186,RED STAR CARD HOLDER,Stationery
47504K,ENGLISH ROSE GARDEN SECATEURS,Garden & Outdoors
47504F,ENGLISH ROSE TORCH,Garden & Outdoors
21809,CHRISTMAS HANGING TREE WITH BELL,Christmas
21186,WHITE DOVE HONEYCOMB PAPER GARLAND,Party Supplies
21611,SET OF 12 LILY BOTANICAL T-LIGHTS,Candles & Fragrance
21480,PINK STRIPE HOT WATER BOTTLE,Personal Care
85170A,SET/6 IVORY BIRD T-LIGHT CANDLES,Candles & Fragrance
85033S,SET/6 SILVER REINDEER T-LIGHTS,Candles & Fragrance
35991,SET/6 BLACK SNOWFLAKE T-LIGHTS,Candles & Fragrance
22185,SLATE TILE NATURAL HANGING,Home Decor
21786,RAIN HAT WITH RED SPOTS,Baby & Kids
84388,WISE MAN STAR SHAPE EGG PAN,Kitchenware
21918,SET 12 KIDS COLOUR  CHALK STICKS,Toys & Games
51012C,"FEATHER DUSTER, COAL BLACK",Cleaning Supplies
84671B,CROCHET BEAR WITH BLUE STRIPES,Toys & Games
21747,SMALL SKULL WINDMILL,Garden & Outdoors
22330,72 ROUND PINK DOILIES,Home Decor
84375,SET OF 20 KIDS COOKIE CUTTERS,Kitchenware
84952B,BLACK LOVE BIRD T-LIGHT HOLDER,Candles & Fragrance
20961,STRAWBERRY BATH SPONGE,Bathroom
20960,WATERMELON BATH SPONGE,Bathroom
20966,SANDWICH BATH SPONGE,Bathroom
17164D,ASS COL SMALL SAND FROG P'WEIGHT,Home Decor
21890,S/6 WOODEN SKITTLES IN COTTON BAG,Toys & Games
85170D,SET/6 PINK BIRD T-LIGHT CANDLES,Candles & Fragrance
17091J,VANILLA INCENSE IN TIN,Candles & Fragrance
20975,12 PENCILS SMALL TUBE RED SPOTTY,Stationery
21440,12 MINI TOADSTOOL PEGS,Home Decor
22174,PHOTO CUBE,Home Decor
22150,3 STRIPEY MICE FELTCRAFT,Toys & Games
22147,FELTCRAFT BUTTERFLY HEARTS,Sewing & Craft
21356,TOAST ITS - FAIRY FLOWER,Toys & Games
21357,TOAST ITS - DINOSAUR,Toys & Games
21677,HEARTS  STICKERS,Stationery
21680,WOODLAND  STICKERS,Stationery
21730,GLASS STAR FROSTED T-LIGHT HOLDER,Home Decor
70007,HI TEC ALPINE HAND WARMER,Personal Care
70006,LOVE HEART POCKET WARMER,Personal Care
21650,ASSORTED TUTTI FRUTTI BRACELET,Jewelry & Accessories
21892,TRADITIONAL WOODEN CATCH CUP GAME,Toys & Games
20655,QUEEN OF SKIES LUGGAGE TAG,Bags & Luggage
21990,MODERN FLORAL STATIONERY SET,Stationery
21934,SKULL SHOULDER BAG,Bags & Luggage
21578,WOODLAND DESIGN  COTTON TOTE BAG,Bags & Luggage
21579,LOLITA  DESIGN  COTTON TOTE BAG,Bags & Luggage
21577,SAVE THE PLANET COTTON TOTE BAG,Bags & Luggage
20713,JUMBO BAG OWLS,Storage
20712,JUMBO BAG WOODLAND ANIMALS,Storage
16047,POP ART PEN CASE & PENS,Stationery
21561,DINOSAUR LUNCHBOX WITH CUTLERY,Baby & Kids
20814,SILVER FINCH DECORATION,Home Decor
22068,BLACK PIRATE TREASURE CHEST,Toys & Games
21377,SMALL CAMPHOR WOOD FIELD  MUSHROOM,Home Decor
21379,CAMPHOR WOOD PORTOBELLO MUSHROOM,Home Decor
20956,PORCELAIN T-LIGHT HOLDERS ASSORTED,Home Decor
21018,BIRD BOX CHRISTMAS TREE DECORATION,Christmas
35995,SET/6 BLACK GLITTER REINDEER CANDLE,Candles & Fragrance
22355,"CHARLOTTE BAG , SUKI DESIGN",Bags & Luggage
21581,SKULLS  DESIGN  COTTON TOTE BAG,Bags & Luggage
20727,LUNCH BAG  BLACK SKULL.,Baby & Kids
21071,VINTAGE BILLBOARD DRINK ME MUG,Kitchenware
21068,VINTAGE BILLBOARD LOVE/HATE MUG,Kitchenware
22189,CREAM HEART CARD HOLDER,Jewelry & Accessories
48179,DOOR MAT SWEET HOME,Home & Garden
48188,DOOR MAT WELCOME PUPPIES,Home & Garden
48184,DOOR MAT ENGLISH ROSE,Home & Garden
21777,RECIPE BOX WITH METAL HEART,Kitchenware
20969,RED FLORAL FELTCRAFT SHOULDER BAG,Bags & Luggage
20968,GREEN FLORAL FELTCRAFT SHOULDER BAG,Bags & Luggage
21737,SET 3 WICKER LOG BASKETS,Home & Garden
84899F,YELLOW PURPLE DAISY FELT PURSE KIT,Sewing & Craft
84898F,YELLOW FLOWERS FELT HANDBAG KIT,Sewing & Craft
22207,FRYING PAN UNION FLAG,Kitchenware
21016,LIGHT BIRD HOUSE TREE DECORATION,Home Decor
20829,GLITTER HANGING BUTTERFLY STRING,Home Decor
85231G,ORANGE SCENTED SET/9 T-LIGHTS,Candles & Fragrance
21407,BROWN CHECK CAT DOORSTOP,Home Decor
72800F,4 IVORY DINNER CANDLES GOLD FLOCK,Candles & Fragrance
21993,FLORAL FOLK STATIONERY SET,Stationery
21486,PINK HEART DOTS HOT WATER BOTTLE,Home & Garden
21813,GARLAND WITH STARS AND BELLS,Home Decor
21812,GARLAND WITH HEARTS AND BELLS,Home Decor
21488,RED WHITE SCARF  HOT WATER BOTTLE,Home & Garden
75013B,"STRING OF 8 BUTTERFLIES,PINK",Home Decor
72800E,4 IVORY DINNER CANDLES SILVER FLOCK,Candles & Fragrance
72801G,S/4 BURGUNDY WINE DINNER CANDLES,Candles & Fragrance
72801F,S/4 FESTIVE RED DINNER CANDLES,Candles & Fragrance
21732,RED HANGING METAL STAR TLIGHT HLDR,Home Decor
85041,SET/4 PINK ORCHID CANDLES IN BOWL,Candles & Fragrance
85040B,SET/4 BLUE FLOWER CANDLES IN BOWL,Candles & Fragrance
37461,FUNKY MONKEY MUG,Kitchenware
21700,BIG DOUGHNUT FRIDGE MAGNETS,Home Decor
20692,FLORAL ELEPHANT SOFT TOY,Toys & Games
16237,SLEEPING CAT ERASERS,Stationery
37410,BLACK AND WHITE PAISLEY FLOWER MUG,Kitchenware
84251F,"GREETING CARD, RITA",Stationery
21080,SET/20 RED SPOTTY PAPER NAPKINS,Party Supplies
21967,PACK OF 12 SKULL TISSUES,Personal Care
22110,BIRD HOUSE HOT WATER BOTTLE,Home & Garden
84977,WIRE FLOWER T-LIGHT HOLDER,Home Decor
18010,ASSORTED FRAGRANCE BATH CONFETTI,Bathroom
22152,PLACE SETTING WHITE STAR,Kitchenware
72267,PREMIUM CHURCH CANDLE,Candles & Fragrance
22081,RIBBON REEL FLORA + FAUNA,Sewing & Craft
22079,RIBBON REEL HEARTS DESIGN,Sewing & Craft
20758,ABSTRACT CIRCLES POCKET BOOK,Stationery
20756,GREEN FERN POCKET BOOK,Stationery
21126,SET OF 6 GIRLS CELEBRATION CANDLES,Candles & Fragrance
21125,SET 6 FOOTBALL CELEBRATION CANDLES,Candles & Fragrance
22102,MIRROR MOSAIC T-LIGHT HOLDER,Home Decor
35955,SMALL FOLKART CHRISTMAS TREE DEC,Christmas
35954,SMALL FOLKART STAR CHRISTMAS DEC,Christmas
35957,SMALLFOLKART BAUBLE CHRISTMAS DEC,Christmas
84050,PINK HEART SHAPE EGG FRYING PAN,Kitchenware
47568,ENGLISH ROSE DESIGN PEG BAG,Home & Garden
84782A,PINK 3 TIER GLASS PLATE STAND,Kitchenware
84782C,GREEN 3 TIER GLASS PLATE STAND,Kitchenware
22169,FAMILY ALBUM WHITE PICTURE FRAME,Home Decor
84933A,LARGE GREEN PEONY FOLDING STOOL,Furniture
84933B,LARGE PINK PEONY FOLDING STOOL,Furniture
22201,FRYING PAN BLUE POLKADOT,Kitchenware
37503,TEA TIME CAKE STAND IN GIFT BOX,Kitchenware
21593,SWALLOW CIGAR BOX MATCHES,Home & Garden
22085,PAPER CHAIN KIT SKULLS,Party Supplies
85099C,JUMBO  BAG BAROQUE BLACK WHITE,Bags & Luggage
22348,TEA BAG PLATE RED SPOTTY,Kitchenware
85061W,WHITE JEWELLED HEART DECORATION,Home Decor
21781,MA CAMPAGNE CUTLERY BOX,Kitchenware
20768,GREEN FERN JOURNAL,Stationery
21082,SET/20 FRUIT SALAD PAPER NAPKINS,Kitchenware
47591B,SCOTTIES DES CHILD'S APRON,Baby & Kids
22196,SMALL HEART MEASURING SPOONS,Kitchenware
22131,FOOD CONTAINER SET 3 LOVE HEART,Kitchenware
20804,GLASS CHICKEN BUTTER DISH,Kitchenware
21115,ROSE CARAVAN DOORSTOP,Home Decor
21067,VINTAGE RED TEATIME MUG,Kitchenware
22134,LADLE LOVE HEART RED,Kitchenware
22132,RED LOVE HEART SHAPE CUP,Kitchenware
20963,APPLE BATH SPONGE,Bathroom
84670,JAPANESE CROCHETED ANIMAL,Toys & Games
21559,STRAWBERRY LUNCHBOX WITH CUTLERY,Baby & Kids
21558,SKULL LUNCHBOX WITH CUTLERY,Baby & Kids
35004P,SET OF 3 PINK FLYING DUCKS,Toys & Games
21321,GLASS CHALICE BLUE  LARGE,Home Decor
22281,EASTER TREE YELLOW BIRDS,Easter
21320,GLASS CHALICE GREEN  LARGE,Home Decor
21187,WHITE BELL HONEYCOMB PAPER GARLAND,Party Supplies
79000,MOROCCAN TEA GLASS,Kitchenware
84706F,RED PEONY TABLE CLOCK,Home Decor
84968C,S/16 VINTAGE PISTACHIO CUTLERY,Kitchenware
84968F,S/16 VINTAGE SKY BLUE CUTLERY,Kitchenware
84968B,S/16 VINTAGE IVORY CUTLERY,Kitchenware
85231L,LAVENDER SCENTED SET/9 T-LIGHTS,Candles & Fragrance
21618,4 WILDFLOWER BOTANICAL CANDLES,Candles & Fragrance
21615,4 LAVENDER BOTANICAL DINNER CANDLES,Candles & Fragrance
21619,4 VANILLA BOTANICAL CANDLES,Candles & Fragrance
21612,SET 12 WILDFLOWER BOTANICAL T-LIGHT,Candles & Fragrance
85049B,LUSH GREENS RIBBONS,Gift Packaging
85049G,CHOCOLATE BOX RIBBONS,Gift Packaging
21770,OPEN CLOSED METAL SIGN,Home Decor
37500,TEA TIME TEAPOT IN GIFT BOX,Kitchenware
21637,ASSORTED SANSKRIT MINI NOTEBOOK,Stationery
21901,"KEY FOB , BACK DOOR",Home & Garden
21900,"KEY FOB , SHED",Home & Garden
21902,"KEY FOB , FRONT  DOOR",Home & Garden
21223,SET/4 BADGES WOODLAND ANIMAL,Toys & Games
85049H,URBAN BLACK RIBBONS,Gift Packaging
21576,LETS GO SHOPPING COTTON TOTE BAG,Bags & Luggage
21580,RABBIT  DESIGN  COTTON TOTE BAG,Bags & Luggage
20866,BLUE ROSE FABRIC MIRROR,Home Decor
20867,PINK ROSE FABRIC MIRROR,Home Decor
20979,36 PENCILS TUBE RED SPOTTY,Stationery
20983,12 PENCILS TALL TUBE RED SPOTTY,Stationery
20981,12 PENCILS TALL TUBE WOODLAND,Stationery
20977,36 PENCILS TUBE WOODLAND,Stationery
20974,12 PENCILS SMALL TUBE SKULL,Stationery
21114,LAVENDER SCENTED FABRIC HEART,Home Decor
85232A,SET/3 POLKA DOT STACKING TINS,Storage
35971,ROSE FOLKART HEART DECORATIONS,Home Decor
21740,COSY SLIPPER SHOES LARGE RED,Clothing & Shoes
21624,VINTAGE UNION JACK DOORSTOP,Home Decor
21738,COSY SLIPPER SHOES SMALL  RED,Clothing & Shoes
22280,POCKET BAG PINK PAISELY BROWN SPOT,Bags & Luggage
21841,BABY MOUSE RED GINGHAM DRESS,Baby & Kids
21621,VINTAGE UNION JACK BUNTING,Party Supplies
21622,VINTAGE UNION JACK CUSHION COVER,Home Decor
20750,RED/WHITE DOT MINI CASES,Storage
82482,WOODEN PICTURE FRAME WHITE FINISH,Home Decor
20665,RED SPOTTY PURSE,Jewelry & Accessories
84837,WHITE SWEETHEARTS CABINET 4 DRAWERS,Furniture
21439,BASKET OF TOADSTOOLS,Home Decor
16169D,WRAP WINTER FOREST,Gift Packaging
16169C,WRAP BLUE REINDEER,Gift Packaging
21017,RED BIRD HOUSE TREE DECORATION,Christmas
21210,SET OF 72 RETRO SPOT PAPER  DOILIES,Party Supplies
21039,RED SPOTTY SHOPPING BAG,Bags & Luggage
21432,SET OF 3 CASES WOODLAND DESIGN,Storage
21424,WOODLAND STORAGE BOX LARGE,Storage
21426,WOODLAND STORAGE BOX SMALL,Storage
21891,TRADITIONAL WOODEN SKIPPING ROPE,Toys & Games
21098,CHRISTMAS TOILET ROLL,Christmas
22415,WHITE TISSUE REAM,Bathroom
17165D,ASS COL LARGE SAND FROG P'WEIGHT,Home & Garden
17165B,ASS COL LARGE SAND GECKO P'WEIGHT,Home & Garden
85208,SET/12 FUNKY FELT FLOWER PEG IN BAG,Home & Garden
90090,PINK CRYSTAL HEART PHONE CHARM,Jewelry & Accessories
90092,BLUE CRYSTAL BOOT PHONE CHARM,Jewelry & Accessories
16161C,WRAP SPEED DEMONS,Gift Packaging
35160,BUDDHA INCENSE HOLDER ASSORTED,Home Decor
17108D,FLOWER FAIRY SUMMER BOUQUET SACHET,Candles & Fragrance
21805,WHITE CHRISTMAS TREE DECORATION,Christmas
90125A,PINK BERTIE GLASS BEAD BAG CHARM,Jewelry & Accessories
84578,ELEPHANT TOY WITH BLUE T-SHIRT,Toys & Games
84901,BLACK FACE LAMB WITH PANTS,Toys & Games
35931,PINK STAR CHRISTMAS DECORATION,Christmas
35933,PINK STOCKING CHRISTMAS DECORATION,Christmas
90087,CRYSTAL SEA HORSE PHONE CHARM,Jewelry & Accessories
90085,CRYSTAL STILETTO PHONE CHARM,Jewelry & Accessories
90093,CLEAR CRYSTAL STAR PHONE CHARM,Jewelry & Accessories
90084,PINK CRYSTAL GUITAR PHONE CHARM,Jewelry & Accessories
90088,CRYSTAL KEY+LOCK PHONE CHARM,Jewelry & Accessories
21807,WHITE CHRISTMAS STAR DECORATION,Christmas
21806,WHITE CHRISTMAS HEART DECORATION,Christmas
21815,STAR  T-LIGHT HOLDER,Home Decor
21816,CHRISTMAS TREE T-LIGHT HOLDER,Christmas
35051B,PINK BEADED CONE CHRISTMAS,Christmas
22153,ANGEL DECORATION STARS ON DRESS,Christmas
20943,SET/6 GINGERBREAD STAR T-LIGHTS,Home Decor
72816,SET/3 CHRISTMAS DECOUPAGE CANDLES,Candles & Fragrance
85038,6 CHOCOLATE LOVE HEART T-LIGHTS,Food & Beverage
20978,36 PENCILS TUBE SKULLS,Stationery
20942,SET/6 GINGERBREAD TREE T-LIGHTS,Christmas
84559A,3D SHEET OF DOG STICKERS,Toys & Games
84466,TOP SECRET PEN SET,Stationery
20994,JAZZ HEARTS SPIRAL NOTEPAD,Stationery
20992,JAZZ HEARTS PURSE NOTEBOOK,Stationery
84077,WORLD WAR 2 GLIDERS ASSTD DESIGNS,Toys & Games
84029C,BROWN FURRY HOT WATER BOTTLE,Home & Garden
22336,DOVE DECORATION PAINTED ZINC,Home Decor
22156,HEART DECORATION WITH PEARLS,Home Decor
22338,STAR DECORATION PAINTED ZINC,Home Decor
21825,PAINTED METAL TREE WITH HOLLY BELLS,Christmas
21822,GLITTER CHRISTMAS TREE WITH BELLS,Christmas
22277,COSMETIC BAG VINTAGE ROSE PAISLEY,Jewelry & Accessories
35979,SIX STRING SCANDINAVIAN HEART DECS,Home Decor
47566,PARTY BUNTING,Party Supplies
21344,MOROCCAN BEATEN METAL DISH,Kitchenware
21477,STRING OF 20 ROSE LIGHTS,Lighting
85047,WHITE BEADED GARLAND STRING 20LIGHT,Lighting
20681,PINK SPOTTY CHILDS UMBRELLA,Baby & Kids
84648,NEW BAROQUE WALL MIRROR,Home Decor
84472,PINK AND LILAC QUILTED THROW,Home Decor
84910A,PINK PAISLEY CUSHION COVER,Home Decor
84656,WHITE ROSE C/COVER,Home Decor
84580,MOUSE TOY WITH PINK T-SHIRT,Pet Items
84622,PINK GINGHAM ROSE CUSHION COVER,Home Decor
22151,PLACE SETTING WHITE HEART,Kitchenware
35962,12 ASS ZINC CHRISTMAS DECORATIONS,Christmas
22337,ANGEL DECORATION PAINTED ZINC,Home Decor
90125C,TURQUOISE BERTIE GLASS BEAD CHARM,Jewelry & Accessories
90125D,PURPLE BERTIE GLASS BEAD BAG CHARM,Jewelry & Accessories
90214H,"LETTER ""H"" BLING KEY RING",Jewelry & Accessories
20901,VINTAGE KEEPSAKE BOX PINK FLOWER,Storage
22172,METAL SHELF WITH RAIL,Furniture
85067,CREAM SWEETHEART WALL CABINET,Furniture
21156,RED SPOTTY CHILDS APRON,Baby & Kids
72127,COLUMBIAN CANDLE ROUND,Candles & Fragrance
84992,72 SWEETHEART FAIRY CAKE CASES,Kitchenware
84929,ASSTD FRUIT+FLOWERS FRIDGE MAGNETS,Home Decor
21649,ASSORTED TUTTI FRUTTI PHOTO FRAME,Home Decor
21463,MIRRORED DISCO BALL,Home Decor
85162A,SILVER RETRODISC LAMPSHADE,Lighting
21761,WOOD AND GLASS MEDICINE CABINET,Bathroom
84839,SWEETHEART KEY CABINET,Home & Garden
85064,CREAM SWEETHEART LETTER RACK,Home & Garden
84706C,PINK FLOCK TABLE CLOCK,Home Decor
21804,WHITE CHRISTMAS GARLAND STARS TREES,Christmas
85036C,ROSE 1 WICK MORRIS BOXED CANDLE,Candles & Fragrance
22162,HEART GARLAND RUSTIC PADDED,Home Decor
22297,HEART IVORY TRELLIS SMALL,Garden & Outdoors
85104,SILVER GLASS T-LIGHT SET,Home Decor
84813,SET OF 4 DIAMOND NAPKIN RINGS,Kitchenware
20894,HANGING BAUBLE T-LIGHT HOLDER LARGE,Home Decor
72799D,BLUE PILLAR CANDLE SILVER FLOCK,Candles & Fragrance
21741,COSY SLIPPER SHOES LARGE GREEN,Clothing & Shoes
85071D,CHARLIE+LOLA MY ROOM DOOR SIGN,Home Decor
21724,PANDA AND BUNNIES STICKER SHEET,Stationery
21524,SPOTTY  HOME SWEET HOME DOORMAT,Home Decor
48197,DOOR MAT BIRD ON THE WIRE,Home Decor
84684,BEACH HUT PHOTO FRAME,Home Decor
20812,EMBOSSED FLOWER TRELLIS PHOTO FRAME,Home Decor
22035,VINTAGE CARAVAN GREETING CARD,Stationery
21508,VINTAGE KID DOLLY CARD,Stationery
22027,TEA PARTY BIRTHDAY CARD,Stationery
85059,FRENCH ENAMEL WATER BASIN,Bathroom
21465,PINK FLOWER CROCHET FOOD COVER,Kitchenware
21466,RED FLOWER CROCHET FOOD COVER,Kitchenware
21467,CHERRY CROCHET FOOD COVER,Kitchenware
21471,STRAWBERRY RAFFIA FOOD COVER,Kitchenware
21314,SMALL GLASS HEART TRINKET POT,Home Decor
84975,HEART SHAPED MIRROR,Home Decor
21949,SET OF 6 STRAWBERRY CHOPSTICKS,Kitchenware
21947,SET OF 6 HEART CHOPSTICKS,Kitchenware
21528,DAIRY MAID TRADITIONAL TEAPOT,Kitchenware
21548,CERAMIC BIRDHOUSE FINCH BLUE ROOF,Garden & Outdoors
21684,SMALL MEDINA STAMPED METAL BOWL,Kitchenware
21549,CERAMIC BIRDHOUSE RED ROOF SMALL,Garden & Outdoors
21545,CERAMIC BIRDHOUSE BUTTERFLY SMALL,Garden & Outdoors
21547,CERAMIC BIRDHOUSE CRESTED TIT SMALL,Garden & Outdoors
85054,FRENCH ENAMEL POT W LID,Kitchenware
21532,DAIRY MAID SUGAR JAM BOWL,Kitchenware
21530,DAIRY MAID CERAMIC TOASTRACK,Kitchenware
37444A,YELLOW BREAKFAST CUP AND SAUCER,Kitchenware
37444B,BLUE BREAKFAST CUP AND SAUCER,Kitchenware
22042,CHRISTMAS CARD SINGING ANGEL,Christmas
84247C,PACK/12 BLUE REINDEER CARD,Christmas
22034,ROBIN CHRISTMAS CARD,Christmas
84754,S/15 SILVER GLASS BAUBLES IN BAG,Christmas
21313,GLASS HEART T-LIGHT HOLDER,Home Decor
84509A,ENGLISH ROSE PLACEMATS,Home Decor
84510A,SET OF 4 ENGLISH ROSE COASTERS,Home Decor
84340,LARGE FIBRE OPTIC CHRISTMAS TREE,Christmas
21625,VINTAGE UNION JACK APRON,Clothing & Shoes
18096C,WHITE ROUND PORCELAIN TLIGHT HOLDER,Home Decor
85147,JARDIN ETCHED GLASS CANDLEHLDR LONG,Home Decor
37444C,PINK BREAKFAST CUP AND SAUCER,Kitchenware
85055,FRENCH ENAMEL UTENSIL HOLDER,Kitchenware
85028L,FRENCH CHATEAU LARGE FRUIT BOWL,Kitchenware
85028S,FRENCH CHATEAU SMALL FRUITBOWL,Kitchenware
21214,SET OF 72 IVORY PAPER DOILIES,Gift Packaging
84985B,SET OF 72 BLACK PAPER DOILIES,Gift Packaging
84985A,SET OF 72 GREEN PAPER DOILIES,Gift Packaging
47021G,SET/6 BEAD COASTERS GAUZE BAG GOLD,Home Decor
21911,GARDEN METAL SIGN,Garden & Outdoors
21070,VINTAGE BILLBOARD MUG,Kitchenware
21066,VINTAGE RED MUG,Kitchenware
21069,VINTAGE BILLBOARD TEA MUG,Kitchenware
21986,PACK OF 12 PINK SPOT TISSUES,Personal Care
22325,MOBILE VINTAGE HEARTS,Baby & Kids
20940,SET/6 GARDEN GNOME T-LIGHT CANDLES,Home Decor
72798C,SET/4 GARDEN ROSE DINNER CANDLE,Home Decor
40018F,CHERRY DESIGN PAPERLANTERNS,Party Supplies
40018E,TEA TIME PAPER LANTERNS,Party Supplies
85176,SEWING SUSAN 21 NEEDLE SET,Sewing & Craft
21893,POTTING SHED SEED TIN,Garden & Outdoors
21745,GAOLERS KEYS DECORATIVE GARDEN,Garden & Outdoors
17084J,LOVE POTION MASALA INCENSE,Candles & Fragrance
71279,PINK GLASS CANDLEHOLDER,Home Decor
21417,COCKLE SHELL DISH,Home Decor
22088,PAPER BUNTING COLOURED LACE,Party Supplies
22093,MOTORING TISSUE BOX,Home Decor
84288B,SET/2 BLUE  NOODLE BASKETS,Storage
35924,HANGING FAIRY CAKE DECORATION,Party Supplies
20941,FROG CANDLE,Candles & Fragrance
21553,CERAMIC BIRDHOUSE FINCH BLUE  LARGE,Garden & Outdoors
21554,CERAMIC BIRDHOUSE RED ROOF LARGE,Garden & Outdoors
22215,CAKE STAND WHITE TWO TIER LACE,Kitchenware
21260,FIRST AID TIN,Home & Garden
21015,DARK BIRD HOUSE TREE DECORATION,Christmas
21014,SWISS CHALET TREE DECORATION,Christmas
21917,SET 12 KIDS  WHITE CHALK STICKS,Toys & Games
22069,BROWN  PIRATE TREASURE CHEST,Toys & Games
47591C,BLUE FAIRY CAKE CHILD'S APRON,Clothing & Shoes
21743,STAR PORTABLE TABLE LIGHT,Lighting
21744,SNOWFLAKE PORTABLE TABLE LIGHT,Lighting
21385,IVORY HANGING DECORATION  HEART,Home Decor
85099F,JUMBO BAG STRAWBERRY,Bags & Luggage
35001G,HAND OPEN SHAPE GOLD,Home Decor
84855,BLOKEY SILVER TOOL SET,Hardware & Tools
84854,GIRLY PINK TOOL SET,Hardware & Tools
21216,"SET 3 RED SPOT TIN TEA,COFFEE,SUGAR",Kitchenware
21243,PINK  SPOTTY PLATE,Kitchenware
21155,RED SPOTTY PEG BAG,Miscellaneous
21412,VINTAGE GOLD TINSEL REEL,Christmas
72799F,IVORY PILLAR CANDLE GOLD FLOCK,Candles & Fragrance
72799E,IVORY PILLAR CANDLE SILVER FLOCK,Candles & Fragrance
72799C,PINK PILLAR CANDLE SILVER FLOCK,Candles & Fragrance
21499,BLUE SPOTS  WRAP,Gift Packaging
21246,RED SPOTTY BIG BOWL,Kitchenware
21247,SET OF RED SALAD SERVERS,Kitchenware
85136C,RED SHARK HELICOPTER,Toys & Games
21218,RED SPOTTY BISCUIT TIN,Kitchenware
21975,PACK OF 60 DINOSAUR CAKE CASES,Party Supplies
21213,PACK OF 72 SKULL CAKE CASES,Party Supplies
72799B,PURPLE PILLAR CANDLE BLACK FLOCK,Candles & Fragrance
84970L,SINGLE HEART ZINC T-LIGHT HOLDER,Home Decor
21768,WALL MOUNTED VINTAGE ORGANISER,Storage
84984D,ORIENTAL RED C/COVER,Home Decor
84773,RED ROSE AND LACE C/COVER,Home Decor
84601A,NEW BAROQUE IVORY CUSHION COVER,Home Decor
85174,S/4 CACTI CANDLES,Candles & Fragrance
71028B,SILVER BLUE EGG T-LIGHT HOLDER,Home Decor
84755,COLOUR GLASS T-LIGHT HOLDER HANGING,Home Decor
72140F,HAPPY ANNIVERSARY CANDLE LETTERS,Candles & Fragrance
84950,ASSORTED COLOUR T-LIGHT HOLDER,Home Decor
85175,CACTI T-LIGHT CANDLES,Candles & Fragrance
72487,ROSES WHITE ROUND CANDLE,Candles & Fragrance
84360,TABLE LAMP WHITE SHADE WOOD BASE,Lighting
21335,LIBRARY LAMP,Lighting
35001W,HAND OPEN SHAPE DECO.WHITE,Home Decor
84396,6 HOOK JEWELLERY STAND BLACK DRESS,Jewelry & Accessories
72753A,S/3 FLWR FAIRY LILLY CANDLES,Candles & Fragrance
72750C,"F.FAIRY S/3 CANDLE/GLASS, ROSE",Candles & Fragrance
85211,S/4 GROOVY CAT MAGNETS,Home Decor
84341B,SMALL PINK MAGIC CHRISTMAS TREE,Christmas
22211,WOOD STAMP SET FLOWERS,Sewing & Craft
22283,6 EGG HOUSE PAINTED WOOD,Easter
22187,GREEN CHRISTMAS TREE CARD HOLDER,Christmas
21735,TWO DOOR CURIO CABINET,Furniture
22120,WELCOME  WOODEN BLOCK LETTERS,Home Decor
48189,DOOR MAT FRIENDSHIP,Home & Garden
48116,DOOR MAT MULTICOLOUR STRIPE,Home & Garden
21257,VICTORIAN SEWING BOX MEDIUM,Sewing & Craft
21767,FRENCH STYLE WIRE DOOR CABINET,Furniture
85068,CREAM SWEETHEART SHELF + HOOKS,Home Decor
22171,3 HOOK PHOTO SHELF ANTIQUE WHITE,Home Decor
72349B,SET/6 PURPLE BUTTERFLY T-LIGHTS,Candles & Fragrance
84596K,JELLY BABIES YELLOW SMALL BOWL,Food & Beverage
84596E,SMALL LICORICE DES PINK BOWL,Food & Beverage
84596G,SMALL CHOCOLATES PINK BOWL,Food & Beverage
37448,CERAMIC CAKE DESIGN SPOTTED MUG,Kitchenware
37447,CERAMIC CAKE DESIGN SPOTTED PLATE,Kitchenware
22055,MINI CAKE STAND  HANGING STRAWBERY,Kitchenware
22062,CERAMIC BOWL WITH LOVE HEART DESIGN,Kitchenware
84596B,SMALL DOLLY MIX DESIGN ORANGE BOWL,Food & Beverage
22347,PIZZA SLICE DISH,Kitchenware
84507C,BLUE CIRCLES DESIGN MONKEY DOLL,Toys & Games
84508A,CAMOFLAGE DESIGN TEDDY,Toys & Games
79302M,"ART LIGHTS,FUNK MONKEY",Lighting
37502,TEA TIME MUG IN GIFT BOX,Kitchenware
84534B,FAIRY CAKE NOTEBOOK A5 SIZE,Stationery
84535B,FAIRY CAKES NOTEBOOK A6 SIZE,Stationery
84536B,FAIRY CAKES NOTEBOOK A7 SIZE,Stationery
17012A,ORIGAMI VANILLA INCENSE/CANDLE SET,Candles & Fragrance
17129D,CLEAR COLOUR GLASS GEMS IN BAG,Home Decor
20616,CHERRY BLOSSOM PASSPORT COVER,Bags & Luggage
20618,QUEEN OF THE SKIES PASSPORT COVER,Bags & Luggage
20652,BLUE SPOTTY LUGGAGE TAG,Bags & Luggage
20654,FIRST CLASS LUGGAGE TAG,Bags & Luggage
20659,ECONOMY LUGGAGE TAG,Bags & Luggage
20674,GREEN SPOTTY BOWL,Kitchenware
20694,FLORAL PINK MONSTER,Toys & Games
20714,POSY SHOPPER BAG,Bags & Luggage
20729,RED SPOTTY CANDY BAG,Party Supplies
20739,*USB Office Glitter Lamp,Lighting
20761,BLUE PAISLEY SKETCHBOOK,Stationery
20780,BLACK EAR MUFF HEADPHONES,Personal Care
20783,HEART EAR MUFF HEADPHONES,Personal Care
20798,CLEAR MILKSHAKE GLASS,Kitchenware
20799,PINK MILKSHAKE GLASS,Kitchenware
20832,RED FLOCK LOVE HEART PHOTO FRAME,Home Decor
20863,BLUE PATCH PENCIL CASE PINK HEART,Stationery
20865,PATCHWORK PENCIL CASE BUTTERFLY,Stationery
20886,BOX OF 9 PEBBLE CANDLES,Candles & Fragrance
20888,SET 3 JARDIN DE FEMME SCENT CANDLES,Candles & Fragrance
20903,VINTAGE KEEPSAKE BOX TRAVELOGUE,Home Decor
20980,36 PENCILS TUBE POSY,Stationery
20991,JAZZ HEARTS MAGNETIC MEMO PAD,Stationery
21012,ANTIQUE ALL GLASS CANDLESTICK,Home Decor
21025,SPACE FROG,Toys & Games
21055,TOOL BOX SOFT TOY,Toys & Games
21064,BOOM BOX SPEAKER BOYS,Personal Care
21108,FAIRY CAKE FLANNEL ASSORTED COLOUR,Home & Garden
21110,LARGE CAKE TOWEL PINK SPOTS,Bathroom
21116,OWL DOORSTOP,Home Decor
21134,VICTORIAN METAL POSTCARD CHRISTMAS,Christmas
21145,ANTIQUE GLASS PLACE SETTING,Kitchenware
21154,RED SPOTTY OVEN GLOVE,Kitchenware
21160,KEEP OUT GIRLS DOOR HANGER,Home Decor
21164,HOME SWEET HOME METAL SIGN,Home Decor
21165,BEWARE OF THE CAT METAL SIGN,Bathroom
21173,LOO ROLL  METAL SIGN,Bathroom
21185,HOME SWEET HOME  BLACKBOARD,Home Decor
21191,LARGE WHITE HONEYCOMB PAPER BELL,Party Supplies
21198,WHITE HEART CONFETTI IN TUBE,Party Supplies
21249,WOODLAND  HEIGHT CHART STICKERS,Baby & Kids
21251,DINOSAUR HEIGHT CHART STICKER SET,Baby & Kids
21255,"FRENCH BOTTLE , LAVENDER",Home Decor
21256,"FRENCH BOTTLE, BRASSERIE DES ARTIST",Home Decor
21259,VICTORIAN SEWING BOX SMALL,Sewing & Craft
21266,VINTAGE SILVER TINSEL REEL,Christmas
21283,NATURAL BARK CANDLE SMALL,Candles & Fragrance
21284,RETRO SPOT CANDLE  SMALL,Candles & Fragrance
21291,SMALL SPOTTY CHOCOLATE GIFT BAG,Gift Packaging
21328,BALLOONS  WRITING SET,Stationery
21330,WOODLAND ANIMAL  WRITING SET,Stationery
21348,PINK SPOTS CHOCOLATE NESTING BOXES,Kitchenware
21396,RED SPOTTY EGG CUP,Kitchenware
21444,BLUE CHALET BIRDFEEDER,Garden & Outdoors
21445,12 PINK ROSE PEG PLACE SETTINGS,Home Decor
21494,ROTATING LEAVES T-LIGHT HOLDER,Home Decor
21506,"FANCY FONT BIRTHDAY CARD,",Stationery
21519,GIN & TONIC DIET GREETING CARD,Stationery
21520,BOOZE & WOMEN GREETING CARD,Stationery
21529,RETRO SPOT CERAMIC TOASTRACK,Kitchenware
21541,DINOSAURS WATER TRANSFER TATTOOS,Toys & Games
21542,WOODLAND WATER TRANSFER TATTOOS,Toys & Games
21543,BUTTERFLY WATER TRANSFER TATTOOS,Toys & Games
21557,SET OF 6 FUNKY BEAKERS,Toys & Games
21626,VINTAGE UNION JACK PENNANT,Home Decor
21642,ASSORTED TUTTI FRUTTI PEN,Stationery
21643,ASSORTED TUTTI FRUTTI MIRROR,Home Decor
21647,ASSORTED TUTTI FRUTTI LARGE PURSE,Jewelry & Accessories
21648,ASSORTED TUTTI FRUTTI SMALL PURSE,Jewelry & Accessories
10123C,HEARTS WRAPPING TAPE,Gift Packaging
10123G,ARMY CAMO WRAPPING TAPE,Gift Packaging
10125,MINI FUNKY DESIGN TAPES,Stationery
11001,ASSTD DESIGN RACING CAR PEN,Stationery
15034,PAPER POCKET TRAVELING FAN,Miscellaneous
15044C,PURPLE PAPER PARASOL,Miscellaneous
15044D,RED PAPER PARASOL,Home Decor
15059A,ENGLISH ROSE EDWARDIAN PARASOL,Home Decor
21679,SKULLS  STICKERS,Stationery
21687,SILVER PLATE CANDLE BOWL LARGE,Home Decor
21688,SILVER PLATE CANDLE BOWL SMALL,Home Decor
21694,SMALL REGAL  SILVER CANDLEPOT,Home Decor
21704,BAG 250g SWIRLY MARBLES,Toys & Games
21719,LOVELY BONBON STICKER SHEET,Stationery
21721,CANDY SHOP  STICKER SHEET,Stationery
21722,SWEET PUDDING STICKER SHEET,Stationery
21725,SWEETIES  STICKERS,Stationery
21746,SMALL RED SPOT  WINDMILL,Garden & Outdoors
21773,DECORATIVE ROSE BATHROOM BOTTLE,Bathroom
21808,"CHRISTMAS GARLAND STARS,TREES",Christmas
21843,RETRO SPOT CAKE STAND,Kitchenware
21883,STARS GIFT TAPE,Gift Packaging
21897,POTTING SHED CANDLE CITRONELLA,Candles & Fragrance
21899,"KEY FOB , GARAGE DESIGN",Jewelry & Accessories
21935,SUKI  SHOULDER BAG,Bags & Luggage
21942,SKULLS DESIGN FLANNEL,Clothing & Shoes
21945,STRAWBERRIES  DESIGN FLANNEL,Clothing & Shoes
22054,MINI CAKE STAND HANGING HEARTS,Kitchenware
22108,PING! MICROWAVE PLATE,Kitchenware
84380,SET OF 3 BUTTERFLY COOKIE CUTTERS,Kitchenware
22117,METAL SIGN HER DINNER IS SERVED,Home Decor
22133,PINK LOVE HEART SHAPE CUP,Kitchenware
22135,LADLE LOVE HEART PINK,Kitchenware
22141,CHRISTMAS CRAFT TREE TOP ANGEL,Christmas
22144,CHRISTMAS CRAFT LITTLE FRIENDS,Christmas
22149,FELTCRAFT 6 FLOWER FRIENDS,Sewing & Craft
22173,METAL 4 HOOK HANGER FRENCH CHATEAU,Home & Garden
22177,5 HOOK BLACKBOARD ORGANISER,Storage
22198,"POPCORN HOLDER , LARGE",Kitchenware
22208,WOOD STAMP SET THANK YOU,Stationery
22224,WHITE LOVEBIRD LANTERN,Home Decor
22261,FELT EGG COSY WHITE RABBIT,Kitchenware
22262,FELT EGG COSY CHICKEN,Kitchenware
22286,"DECORATION , WOBBLY RABBIT , METAL",Home Decor
22288,"DECORATION , HANGING METAL RABBIT",Home Decor
22289,"DECORATION , HANGING METAL CHICKEN",Home Decor
22311,OFFICE MUG WARMER BLACK+SILVER,Kitchenware
22312,OFFICE MUG WARMER POLKADOT,Kitchenware
22324,BLUE POLKADOT KIDS BAG,Bags & Luggage
30086C,ASSORTED FRUIT STRAWS,Food & Beverage
35004S,SET OF 3 SILVER FLYING DUCKS,Home Decor
35471A,SET OF 3 BIRD L.BLUE FEATHER,Home Decor
35471D,SET OF 3 BIRD LIGHT PINK FEATHER,Home Decor
35594,WOODEN CHRISTMAS TREE 3 HANGING,Christmas
35598B,BLACK CHRISTMAS TREE 60CM,Christmas
35599D,PINK AND WHITE CHRISTMAS TREE 120CM,Christmas
35600D,PINK AND WHITE CHRISTMAS TREE 180CM,Christmas
35961,FOLKART ZINC HEART CHRISTMAS DEC,Christmas
37422,WHITE WITH BLACK CATS BOWL,Kitchenware
37462B,"PET MUG, BUDGIE",Kitchenware
37464,ROBOT MUG IN DISPLAY BOX,Kitchenware
37489C,GREEN/BLUE FLOWER DESIGN BIG MUG,Kitchenware
37508,NEW ENGLAND CERAMIC CAKE SERVER,Kitchenware
47471,RAINBOW PEGS PHOTO CLIP STRING,Home Decor
47587A,PINK FAIRY CAKE COASTER,Kitchenware
47598,NEW ENGLAND EGG WARMER,Kitchenware
51014A,"FEATHER PEN,HOT PINK",Stationery
51014C,"FEATHER PEN,COAL BLACK",Stationery
71143,SILVER BOOK MARK WITH BEADS,Stationery
72051S,BAG OF SILVER STONES,Home & Garden
72598,SET/12 TAPER CANDLES,Candles & Fragrance
72800A,S/4 BLACK DINNER CANDLE SILVER FLOC,Candles & Fragrance
72802C,VANILLA SCENT CANDLE JEWELLED BOX,Candles & Fragrance
72807A,SET/3 ROSE CANDLE IN JEWELLED BOX,Candles & Fragrance
72807B,SET/3 OCEAN SCENT CANDLE JEWEL BOX,Candles & Fragrance
72807C,SET/3 VANILLA SCENTED CANDLE IN BOX,Candles & Fragrance
77081,FLOWER WINDMILL,Garden & Outdoors
79026B,"S/4 ICON COASTER,ELVIS LIVES",Kitchenware
79030A,"TUMBLER, ENGLISH ROSE",Kitchenware
79160,HEART SHAPE WIRELESS DOORBELL,Home & Garden
79164,BLACK WINE GLASS,Kitchenware
79303D,LILAC FLOWER BLOCK TABLE LAMP,Lighting
82076,BEECH WOOD PHOTO FRAME,Home Decor
82093,HEART SHAPE BUTTON FRAME,Home Decor
82553,POP'S GREASY SPOON METAL SIGN,Home Decor
82578,KITCHEN METAL SIGN,Home Decor
82583,HOT BATHS METAL SIGN,Bathroom
82607C,GLASS BONBON JAR. SUPERFINES,Kitchenware
82613B,"METAL SIGN,CUPCAKE SINGLE HOOK",Bathroom
84006,MAGIC TREE -PAPER FLOWERS,Home Decor
84030C,KNITTED RAINBOW HOT WATER BOTTLE,Personal Care
84251G,"GREETING CARD, OVERCROWDED POOL.",Stationery
84279B,CHERRY BLOSSOM DECORATIVE FLASK,Home Decor
84313B,BLUE TV TRAY TABLE,Furniture
84378,SET OF 3 HEART COOKIE CUTTERS,Kitchenware
84459A,PINK METAL CHICKEN HEART,Home Decor
84510B,SET OF 4 FAIRY CAKES COASTERS,Home Decor
84535A,ENGLISH ROSE NOTEBOOK A6 SIZE,Stationery
84536A,ENGLISH ROSE NOTEBOOK A7 SIZE,Stationery
84558A,3D DOG PICTURE PLAYING CARDS,Toys & Games
84673B,BLUE FLY SWAT,Garden & Outdoors
84686,BEACH HUT MIRROR,Home Decor
84750A,PINK SMALL GLASS CAKE STAND,Kitchenware
84877B,GREEN ROUND COMPACT MIRROR,Personal Care
84902,PINK KNITTED COW STUFFED TOY,Toys & Games
84926C,FAIRY CAKES TILE COASTER,Home Decor
84931A,PINK SCOTTIE DOG W FLOWER PATTERN,Home Decor
84937,KASHMIR FOLKART TUMBLERS,Kitchenware
84944,SET OF 6 KASHMIR FOLKART BAUBLES,Home Decor
85015,SET OF 12  VINTAGE POSTCARD SET,Stationery
85016,SET OF 6 VINTAGE NOTELETS KIT,Stationery
85017A,ENVELOPE 50 ROMANTIC IMAGES,Stationery
85017C,ENVELOPE 50 CURIOUS IMAGES,Stationery
85026B,EAU DE NILE JEWELLED T-LIGHT HOLDER,Candles & Fragrance
85031A,ROMANTIC IMAGES SCRAP BOOK SET,Stationery
85031B,BLOSSOM IMAGES SCRAP BOOK SET,Stationery
85031C,CURIOUS IMAGES SCRAP BOOK SET,Stationery
85033G,SET/6 GOLD REINDEER T-LIGHT CANDLES,Candles & Fragrance
85034B,3 WHITE CHOC MORRIS BOXED CANDLES,Candles & Fragrance
85039A,SET/4 RED MINI ROSE CANDLE IN BOWL,Candles & Fragrance
85086A,CANDY SPOT HEART DECORATION,Home Decor
85112,S/3 TEAR DROP CUT GLASS DECORATION,Home Decor
85114B,IVORY ENCHANTED FOREST PLACEMAT,Home Decor
85116,BLACK CANDELABRA T-LIGHT HOLDER,Candles & Fragrance
85124A,PINK JUICY FRUIT PHOTO FRAME,Home Decor
85129D,BEADED CRYSTAL HEART PINK SMALL,Home Decor
85130A,BEADED PEARL HEART WHITE LARGE,Jewelry & Accessories
85135B,BLUE DRAGONFLY HELICOPTER,Toys & Games
85136A,YELLOW SHARK HELICOPTER,Toys & Games
85180B,PINK HEARTS LIGHT CHAIN,Lighting
85184C,S/4 VALENTINE DECOUPAGE HEART BOX,Gift Packaging
85184D,S/4 BLUE ROUND DECOUPAGE BOXES,Gift Packaging
85185B,PINK HORSE SOCK PUPPET,Toys & Games
85185D,FROG SOCK PUPPET,Toys & Games
85186A,EASTER BUNNY GARLAND OF FLOWERS,Easter
85186C,BUNNY EGG GARLAND,Easter
85199S,SMALL HANGING IVORY/RED WOOD BIRD,Home Decor
85217,ASSORTED ICE CREAM FRIDGE MAGNETS,Home Decor
90000D,COPPER/OLIVE GREEN FLOWER NECKLACE,Jewelry & Accessories
90005A,JADE GREEN ENAMEL HAIR COMB,Jewelry & Accessories
90039D,FIRE POLISHED GLASS BRACELET GREEN,Jewelry & Accessories
90040D,MURANO STYLE GLASS BRACELET PINK,Jewelry & Accessories
90081C,LILY BROOCH OLIVE COLOUR,Jewelry & Accessories
90120C,GREEN MURANO TWIST BRACELET,Jewelry & Accessories
90158,ST TROPEZ NECKLACE,Jewelry & Accessories
90171,DAISY RING,Jewelry & Accessories
90175C,BLUE GLASS CHUNKY CHARM BRACELET,Jewelry & Accessories
90184B,AMETHYST CHUNKY BEAD BRACELET W STR,Jewelry & Accessories
90188,DROP EARRINGS W FLOWER & LEAF,Jewelry & Accessories
90192,JADE DROP EARRINGS W FILIGREE,Jewelry & Accessories
90206C,CRYSTAL DIAMANTE STAR BROOCH,Jewelry & Accessories
90208,PAIR OF ENAMEL FLOWER CLUSTER SLIDE,Jewelry & Accessories
DCGS0058,MISO PRETTY  GUM,Food & Beverage
DCGS0068,DOGS NIGHT COLLAR,Pet Items
DOT,DOTCOM POSTAGE,Special_Code
85090,CANDY SPOT APRON,Clothing & Shoes
21121,SET/10 RED SPOTTY PARTY CANDLES,Candles & Fragrance
90167,BEADED LOVE HEART JEWELLERY SET,Jewelry & Accessories
72023F,RED ORGANIC CANDLE IN GLASS,Candles & Fragrance
85172,HYACINTH BULB T-LIGHT CANDLES,Candles & Fragrance
21469,POLKA DOT RAFFIA FOOD COVER,Kitchenware
21898,POTTING SHED ROSE CANDLE,Candles & Fragrance
20771,CHRYSANTHEMUM  JOURNAL,Stationery
72815,3 WICK CHRISTMAS BRIAR CANDLE,Christmas
47504G,ENGLISH ROSE TAPE MEASURE,Hardware & Tools
84986B,SET OF 36 SILVER PAPER DOILIES,Party Supplies
20684,STRAWBERRY DREAM CHILDS UMBRELLA,Baby & Kids
85006,SET 4 NURSERY DES ROUND BOXES,Storage
85199L,LARGE HANGING IVORY & RED WOOD BIRD,Home Decor
21556,CERAMIC STRAWBERRY MONEY BOX,Home Decor
82081,PINK HEARTS PHOTO ALBUM,Stationery
47504E,ENGLISH ROSE SCISSORS,Sewing & Craft
84934,ASSTD DESIGN POP ART SLIM PEN,Stationery
21877,HOME SWEET HOME MUG,Kitchenware
21398,RED  SPOTTY COFFEE  MUG,Kitchenware
16161U,"WRAP,SUKI AND FRIENDS",Gift Packaging
21497,FANCY FONTS BIRTHDAY WRAP,Gift Packaging
22051,BLUE SCANDINAVIAN PAISLEY WRAP,Gift Packaging
22116,METAL SIGN HIS DINNER IS SERVED,Home Decor
21042,RED SPOTTY APRON,Kitchenware
20615,BLUE SPOTTY PASSPORT COVER,Bags & Luggage
20887,BOX OF 6 PEBBLE CANDLES,Candles & Fragrance
20913,SET/5 BLUE SPOTTY LID GLASS BOWLS,Kitchenware
21560,TOADSTOOL  LUNCHBOX WITH CUTLERY,Baby & Kids
35004G,SET OF 3 GOLD FLYING DUCKS,Home Decor
35832,WOOLLY HAT SOCK GLOVE ADVENT STRING,Christmas
71053,WHITE METAL LANTERN,Home Decor
72349b,SET/6 PURPLE BUTTERFLY T-LIGHTS,Candles & Fragrance
72529w,WHITE ADVENT CANDLE,Christmas
72807c,SET/3 VANILLA SCENTED CANDLE IN BOX,Candles & Fragrance
79072,TEATIME CAKE TIN WITH HANDLE,Kitchenware
84797b,BLUE SAVANNAH PICNIC HAMPER FOR 4,Home & Garden
22165,"DIAMANTE HEART SHAPED WALL MIRROR,",Home Decor
22166,"WALL MIRROR , RECT DIAMANTE, PINK/",Home Decor
37340,MULTICOLOUR SPRING FLOWER MUG,Kitchenware
84872a,TEATIME FUNKY FLOWER BACKPACK FOR 2,Bags & Luggage
84873a,FUNKY FLOWER PICNIC BAG FOR 4,Home & Garden
85114b,IVORY ENCHANTED FOREST PLACEMAT,Home Decor
18096c,WHITE ROUND PORCELAIN TLIGHT HOLDER,Home Decor
21192,WHITE BELL HONEYCOMB PAPER,Stationery
84797a,PINK HAWAIIAN PICNIC HAMPER FOR 4,Home & Garden
85014b,RED/WHITE DOTS RUFFLED UMBRELLA,Baby & Kids
85132a,CHARLIE + LOLA BISCUITS TINS,Kitchenware
18098c,PORCELAIN BUTTERFLY OIL BURNER,Candles & Fragrance
20661,BLUE SPOTTY PURSE,Jewelry & Accessories
48173c,DOOR MAT BLACK FLOCK,Home & Garden
79070b,ENGLISH ROSE SQUARE CAKE TINS,Kitchenware
84030c,KNITTED RAINBOW HOT WATER BOTTLE,Personal Care
84558a,3D DOG PICTURE PLAYING CARDS,Toys & Games
21478,SILVER SKULL HOT WATER BOTTLE,Personal Care
22058,CERAMIC LOVE HEARTS DESIGN MUG,Kitchenware
22308,TEA COSY BLUE STRIPE,Home Decor
47518f,ICON PLACEMAT POP ART ELVIS,Home Decor
15056bl,EDWARDIAN PARASOL BLACK,Jewelry & Accessories
21153,RED SPOTTY TABLECLOTH,Home Decor
21189,WHITE HONEYCOMB PAPER GARLAND,Party Supplies
21307,SET/4 BUTTERFLY MIRROR MAGNETS,Home Decor
35004c,SET OF 3 COLOURED  FLYING DUCKS,Home Decor
17181,CIRCLE OF FRIENDS CANDLE HOLDER,Home Decor
21596,Hypochondriac Pill Stress Ball,Toys & Games
21658,GLASS  BEURRE DISH,Kitchenware
35965,FOLKART HEART NAPKIN RINGS,Kitchenware
84796b,BLUE SAVANNAH PICNIC HAMPER FOR 2,Home & Garden
85040a,S/4 PINK FLOWER CANDLES IN BOWL,Candles & Fragrance
85127,SMALL SQUARE CUT GLASS CANDLESTICK,Home Decor
85164b,BLACK BAROQUE CUCKOO CLOCK,Home Decor
M,Manual,Special_Code
21349,IVY HEART WREATH,Home Decor
21914,BLUE HARMONICA IN BOX,Toys & Games
21200,MULTICOLOUR HONEYCOMB PAPER GARLAND,Party Supplies
21201,TROPICAL  HONEYCOMB PAPER GARLAND,Party Supplies
21419,CONCH SHELL,Home Decor
22136,LOVE HEART SOCK HANGER,Storage
84705b,FAIRY CAKES PHOTO FRAME,Home Decor
84767,ZINC POLICE BOX LANTERN,Lighting
20784,RED RETRO BAR STOOL,Furniture
21157,RED SPOTTY WASHBAG,Personal Care
22200,FRYING PAN PINK POLKADOT,Kitchenware
35004s,SET OF 3 SILVER FLYING DUCKS,Home Decor
84509c,DOTTY PLACEMATS,Home Decor
84951b,S/4 BLACK LOVEBIRD COASTERS,Kitchenware
22193,RED DINER WALL CLOCK,Home Decor
22340,NOEL GARLAND PAINTED ZINC,Christmas
35793,S/3 PUPPIES CHRISTMAS DECORATIONS,Christmas
37482p,CUBIC MUG PINK POLKA DOT,Kitchenware
79321,CHILLI LIGHTS,Lighting
85114c,RED ENCHANTED FOREST PLACEMAT,Home Decor
21820,GLITTER HEART GARLAND WITH BELLS,Party Supplies
22318,FIVE HEART HANGING DECORATION,Home Decor
46000P,POLYESTER FILLER PAD 65CMx65CM,Home Decor
46000M,POLYESTER FILLER PAD 45x45cm,Home Decor
21685,MEDINA STAMPED METAL TRAY,Kitchenware
84658,WHITE STITCHED CUSHION COVER,Home Decor
21692,SILVER LATTICE VANILLA CANDLE POT,Candles & Fragrance
21691,SILVER VANILLA FLOWER CANDLE POT,Candles & Fragrance
90199B,5 STRAND GLASS NECKLACE AMETHYST,Jewelry & Accessories
21814,HEART T-LIGHT HOLDER,Candles & Fragrance
47570B,TEA TIME TABLE CLOTH,Home Decor
20658,RED SPOTTY LUGGAGE TAG,Bags & Luggage
21355,TOAST ITS - I LOVE YOU,Kitchenware
72814,SET/3 CHRISTMAS BRIAR CANDLES,Christmas
85125,SMALL ROUND CUT GLASS CANDLESTICK,Candles & Fragrance
85126,LARGE ROUND CUTGLASS CANDLESTICK,Candles & Fragrance
72529W,WHITE ADVENT CANDLE,Christmas
21795,SET OF 3 BLUE STRIPE BASKET,Storage
21796,SET OF 3 RED STRIPE BASKETS,Storage
15036,ASSORTED COLOURS SILK FAN,Miscellaneous
21742,LARGE ROUND WICKER PLATTER,Kitchenware
21221,SET/4 BADGES CUTE CREATURES,Toys & Games
84559B,3D SHEET OF CAT STICKERS,Toys & Games
84559D,3D SHEET OF SEA WORLD STICKERS,Toys & Games
15056P,EDWARDIAN PARASOL PINK,Clothing & Shoes
84199,GLOW IN DARK DOLPHINS,Toys & Games
17003,BROCADE RING PURSE,Jewelry & Accessories
16238,PARTY TIME PENCIL ERASERS,Stationery
35085E,IVORY ROSE LAMPSHADE,Lighting
10120,DOGGY RUBBER,Pet Items
17164B,ASS COL SMALL SAND GECKO P'WEIGHT,Home Decor
20723,STRAWBERRY CHARLOTTE BAG,Bags & Luggage
47503K,ASSORTED FLORAL SECATEURS,Garden & Outdoors
47503J,SET/3 FLORAL GARDEN TOOLS IN BAG,Garden & Outdoors
47556B,TEA TIME TEA TOWELS,Kitchenware
84987,SET OF 36 TEATIME PAPER DOILIES,Party Supplies
85008,SET OF 3 CONEY ISLAND OVAL BOXES,Storage
84709B,PINK OVAL JEWELLED MIRROR,Home Decor
35095A,BLUE VICTORIAN FABRIC OVAL BOX,Storage
82581,TOILET METAL SIGN,Bathroom
20830,SILVER PHOTO FRAME,Home Decor
35095B,RED VICTORIAN FABRIC OVAL BOX,Storage
20831,GOLD PHOTO FRAME,Home Decor
84533B,FAIRY CAKES ROUND NESTING BOXES,Storage
84792,ENCHANTED BIRD COATHANGER 5 HOOK,Home & Garden
21272,SALLE DE BAIN HOOK,Bathroom
84406B,CREAM CUPID HEARTS COAT HANGER,Home & Garden
22214,CANDLE PLATE LACE WHITE,Candles & Fragrance
90010E,AMBER GLASS/SILVER BRACELET,Jewelry & Accessories
90178A,AMBER CHUNKY GLASS+BEAD NECKLACE,Jewelry & Accessories
84814B,RHOMBUS CRYSTAL PERFUME BOTTLE,Home Decor
85036B,CHOCOLATE 1 WICK MORRIS BOX CANDLE,Candles & Fragrance
79328,BLUE FLOCK GLASS CANDLEHOLDER,Candles & Fragrance
22044,CHRISTMAS CARD STACK OF PRESENTS,Christmas
18098C,PORCELAIN BUTTERFLY OIL BURNER,Candles & Fragrance
21112,"SWISS ROLL TOWEL, PINK  SPOTS",Bathroom
21111,"SWISS ROLL TOWEL, CHOCOLATE  SPOTS",Bathroom
85034A,3 GARDENIA MORRIS BOXED CANDLES,Candles & Fragrance
21640,ASSORTED TUTTI FRUTTI  FOB NOTEBOOK,Stationery
20716,PARTY FOOD SHOPPER BAG,Party Supplies
20730,STRAWBERRY CANDY BAG,Food & Beverage
22167,"WALL MIRROR , DIAMANTE OVAL SHAPE",Home Decor
37343,SPOTS DESIGN MUG W PINK INSIDE,Kitchenware
22231,JIGSAW TREE WITH BIRDHOUSE,Toys & Games
21031,SPACE CADET BLACK,Stationery
21589,SWALLOW GIANT TUBE MATCHES,Home & Garden
20770,ABSTRACT CIRCLE JOURNAL,Stationery
22023,EMPIRE BIRTHDAY CARD,Party Supplies
21839,MUMMY MOUSE RED GINGHAM RIBBON,Sewing & Craft
20776,ABSTRACT CIRCLES NOTEBOOK,Stationery
20679,EDWARDIAN PARASOL RED,Clothing & Shoes
22191,EAU DE NIL DINER WALL CLOCK,Home Decor
22192,BLUE DINER WALL CLOCK,Home Decor
82597,BOMBS AWAY METAL SIGN,Bathroom
40016,CHINESE DRAGON PAPER LANTERNS,Party Supplies
15044B,BLUE PAPER PARASOL,Party Supplies
79323GR,GREEN CHERRY LIGHTS,Lighting
79323B,BLACK CHERRY LIGHTS,Lighting
79323G,GOLD  CHERRY LIGHTS,Lighting
84358,FLOOR LAMP SHADE WOOD BASE,Lighting
22101,MIRROR MOSAIC VOTIVE HOLDER,Home Decor
84920,PINK FLOWER FABRIC PONY,Toys & Games
21811,CHRISTMAS HANGING HEART WITH BELL,Christmas
16156S,WRAP PINK FAIRY CAKES,Gift Packaging
20765,CHRYSANTHEMUM SKETCHBOOK,Stationery
21137,BLACK RECORD COVER FRAME,Home Decor
22246,"GARLAND, MAGIC GARDEN 1.8M",Home & Garden
51008,AFGHAN SLIPPER SOCK PAIR,Clothing & Shoes
21107,CREAM SLICE FLANNEL PINK SPOT,Home Decor
84509B,FAIRY CAKE PLACEMATS,Kitchenware
22339,CHRISTMAS TREE PAINTED ZINC,Christmas
21810,CHRISTMAS HANGING STAR WITH BELL,Christmas
79534,MULTICOLOUR GLASS PLATE,Kitchenware
82615,PINK MARSHMALLOW SCARF KNITTING KIT,Sewing & Craft
21354,TOAST ITS - BEST MUM,Kitchenware
22095,LADS ONLY TISSUE BOX,Home Decor
20934,SET/3 POT PLANT CANDLES,Candles & Fragrance
21610,SET 12 PEAR BOTANICAL T-LIGHTS,Candles & Fragrance
72802A,ROSE SCENT CANDLE IN JEWELLED BOX,Candles & Fragrance
35004C,SET OF 3 COLOURED  FLYING DUCKS,Home Decor
85220,SMALL FAIRY CAKE FRIDGE MAGNETS,Home Decor
21341,KASBAH LANTERN WITH GLASS,Home Decor
21323,HANGING MEDINA LANTERN LARGE,Home Decor
21504,SKULLS GREETING CARD,Stationery
21340,CLASSIC METAL BIRDCAGE PLANT HOLDER,Home & Garden
21347,GOTHIC CARRIAGE LANTERN,Home Decor
84947,ANTIQUE SILVER TEA GLASS ENGRAVED,Kitchenware
22184,CAKE STAND VICTORIAN FILIGREE LARGE,Kitchenware
71459,HANGING JAM JAR T-LIGHT HOLDER,Home Decor
84371,BIG PINK POODLE,Toys & Games
21734,SMALL MARAKESH LANTERN ON STICK,Home Decor
22181,SNOWSTORM PHOTO FRAME FRIDGE MAGNET,Home Decor
21448,12 DAISY PEGS IN WOOD BOX,Home & Garden
22322,BIRD DECORATION GREEN  SPOT,Home Decor
84795C,OCEAN STRIPE HAMMOCK,Garden & Outdoors
21304,ARCHED GREY MIRROR,Home Decor
21752,GLASS CAKE STAND MIRRORED BASE,Kitchenware
35649,VINTAGE BEAD COSMETIC BAG,Jewelry & Accessories
35646,VINTAGE BEAD PINK EVENING BAG,Jewelry & Accessories
35651,VINTAGE BEAD PINK SCARF,Clothing & Shoes
35648,VINTAGE BEAD PINK PURSE,Bags & Luggage
16212,FUNKY GIRLZ ASST MAGNETIC MEMO PAD,Stationery
35096A,BLUE VICTORIAN FABRIC HEART BOX,Home Decor
85222,ASSORTED COLOUR SILK COSMETIC PURSE,Bags & Luggage
85230F,JASMINE VOTIVE CANDLE,Candles & Fragrance
21286,RETRO SPOT CANDLE  LARGE,Candles & Fragrance
21359,RELAX LARGE WOOD LETTERS,Home Decor
22216,T-LIGHT HOLDER WHITE LACE,Home Decor
85065,CREAM SWEETHEART TRAYS,Kitchenware
21703,BAG 125g SWIRLY MARBLES,Toys & Games
21205,MULTICOLOUR 3D BALLS GARLAND,Party Supplies
84692,BOX OF 24 COCKTAIL PARASOLS,Party Supplies
22049,WRAP CHRISTMAS SCREEN PRINT,Christmas
84926B,SCOTTS ROSES TILE COASTER,Home Decor
21464,DISCO BALL ROTATOR BATTERY OPERATED,Lighting
20668,DISCO BALL CHRISTMAS DECORATION,Christmas
21009,ETCHED GLASS STAR TREE DECORATION,Christmas
84562B,BLUE/WHITE RIBBED MELAMINE JUG,Kitchenware
75049L,LARGE CIRCULAR MIRROR MOBILE,Baby & Kids
22148,EASTER CRAFT 4 CHICKS,Easter
84078A,SET/4 WHITE RETRO STORAGE CUBES,Storage
20772,GARDEN PATH JOURNAL,Garden & Outdoors
21709,FOLDING UMBRELLA  CHOC/WHITE  SPOT,Baby & Kids
22278,OVERNIGHT BAG VINTAGE ROSE PAISLEY,Bags & Luggage
84925E,FLOWERS WALL THERMOMETER,Home Decor
84925A,WAKE UP COCKEREL WALL THERMOMETER,Home Decor
21739,COSY SLIPPER SHOES SMALL GREEN,Clothing & Shoes
47503F,ASS FLORAL PRINT TORCH,Home & Garden
90042B,FRESHWATER PEARL BRACELET PINK,Jewelry & Accessories
90042A,FRESHWATER PEARL BRACELET GOLD,Jewelry & Accessories
84989A,75 GREEN FAIRY CAKE CASES,Party Supplies
85113,POLKA DOT PISTACHIO PAIL,Garden & Outdoors
85107,CUT GLASS T-LIGHT HOLDER OCTAGON,Home Decor
20976,12 PENCILS SMALL TUBE POSY,Stationery
85049F,BABY BOOM RIBBONS,Gift Packaging
85170C,SET/6 EAU DE NIL BIRD T-LIGHTS,Home Decor
85039B,S/4 IVORY MINI ROSE CANDLE IN BOWL,Candles & Fragrance
21078,SET/20 STRAWBERRY PAPER NAPKINS,Party Supplies
21981,PACK OF 12 WOODLAND TISSUES,Personal Care
17109A,FLOWER FAIRY INCENSE LILY,Candles & Fragrance
17109C,FLOWER FAIRY INCENSE ROSE,Candles & Fragrance
20998,ROSE DU SUD OVEN GLOVE,Kitchenware
21645,ASSORTED TUTTI FRUTTI ROUND BOX,Storage
21026,SPACE OWL,Toys & Games
22344,PARTY PIZZA DISH PINK+WHITE SPOT,Kitchenware
22346,PARTY PIZZA DISH GREEN+WHITE SPOT,Kitchenware
22345,PARTY PIZZA DISH BLUE+WHITE SPOT,Kitchenware
22343,PARTY PIZZA DISH RED WHITE SPOT,Kitchenware
17084R,ASSORTED INCENSE PACK,Candles & Fragrance
21838,DADDY MOUSE RED GINGHAM BOW TIE,Clothing & Shoes
21983,PACK OF 12 BLUE PAISLEY TISSUES,Personal Care
85135A,YELLOW DRAGONFLY HELICOPTER,Toys & Games
79191C,RETRO PLASTIC ELEPHANT TRAY,Home Decor
72796A,S/3 ENGLISH LAVENDER SQU CANDLE,Candles & Fragrance
72796B,S/3 FRENCH VANILLA SQU CANDLE,Candles & Fragrance
85035C,ROSE 3 WICK MORRIS BOX CANDLE,Candles & Fragrance
85035A,GARDENIA 3 WICK MORRIS BOXED CANDLE,Candles & Fragrance
20869,GOLD FABRIC MIRROR,Home Decor
79190B,RETRO PLASTIC POLKA TRAY,Home Decor
90214S,"LETTER ""S"" BLING KEY RING",Jewelry & Accessories
90214J,"LETTER ""J"" BLING KEY RING",Jewelry & Accessories
16258B,DAISY ERASERS IN BAG,Stationery
20986,BLUE CALCULATOR RULER,Stationery
20985,HEART CALCULATOR,Stationery
37348,SET OF 4 PASTEL STACKING MUGS,Kitchenware
72817,SET/2 CHRISTMAS DECOUPAGE CANDLES,Christmas
22279,POCKET BAG BLUE PAISLEY RED SPOT,Bags & Luggage
21992,VINTAGE PAISLEY STATIONERY SET,Stationery
18097B,BLUE TALL PORCELAIN T-LIGHT HOLDER,Home Decor
85221,ASSORTED COLOUR SILK COIN PURSE,Jewelry & Accessories
84526,GIANT BLACK SUNGLASSES,Jewelry & Accessories
22096,PINK PAISLEY SQUARE TISSUE BOX,Home Decor
85088,CANDY SPOT HAND BAG,Bags & Luggage
37474,SET/4 2 TONE EGG SHAPE MIXING BOWLS,Kitchenware
21933,PINK VINTAGE PAISLEY PICNIC BAG,Bags & Luggage
21932,SCANDINAVIAN PAISLEY PICNIC BAG,Bags & Luggage
84532B,FAIRY CAKES RECTANGLUAR BOXES,Gift Packaging
21163,DO NOT TOUCH MY STUFF DOOR HANGER,Home Decor
21663,VINTAGE GLASS SUGAR CADDY,Kitchenware
72811,SMALL ZINC/GLASS CANDLEHOLDER,Home Decor
22175,PINK OWL SOFT TOY,Toys & Games
22176,BLUE OWL SOFT TOY,Toys & Games
84802B,PURPLE ANEMONE ARTIFICIAL FLOWER,Home Decor
84597C,RETRO PINK BALL ASHTRAY,Home Decor
84520D,PACK OF 20 FAIRY CAKE PAPER NAPKINS,Party Supplies
84925C,FAIRY CAKES  WALL THERMOMETER,Home Decor
82552,WASHROOM METAL SIGN,Bathroom
21609,SET 12 LAVENDER  BOTANICAL T-LIGHTS,Candles & Fragrance
21102,"CANDLE IN JAR COLLAGE , VANILLA",Candles & Fragrance
20621,ECONOMY PASSPORT COVER,Bags & Luggage
21312,LARGE CHUNKY GLASS ROMAN BOWL,Kitchenware
21617,4 LILY  BOTANICAL DINNER CANDLES,Candles & Fragrance
22123,PING MICROWAVE APRON,Kitchenware
22313,OFFICE MUG WARMER PINK,Kitchenware
82616C,MIDNIGHT GLAMOUR SCARF KNITTING KIT,Sewing & Craft
20686,DOLLY MIXTURE CHILDREN'S UMBRELLA,Baby & Kids
21253,SET OF PICTURE FRAME  STICKERS,Stationery
72803A,ROSE SCENT CANDLE JEWELLED DRAWER,Candles & Fragrance
47580,TEA TIME DES TEA COSY,Kitchenware
35599B,BLACK CHRISTMAS TREE 120CM,Christmas
37501,TEA TIME TEA SET IN GIFT BOX,Kitchenware
84968E,S/16 VINTAGE BLACK CUTLERY,Kitchenware
84660C,PINK STITCHED WALL CLOCK,Home Decor
79065A,TEATIME ROUND CAKE TINS,Kitchenware
37476,CONDIMENT TRAY 4 BOWLS AND 4 SPOONS,Kitchenware
22354,RETRO SPOT PADDED SEAT CUSHION,Home Decor
84623,PINK GINGHAM ROSE FLOOR CUSHION,Home Decor
84619,BLUE GINGHAM ROSE QUILT,Home Decor
21628,TRIANGULAR POUFFE VINTAGE,Furniture
79320,FLAMINGO LIGHTS,Lighting
22227,"DECORATION, HANGING HEART+MIRROR",Home Decor
84405A,S/3 PINK COL METAL BASKET W HANDLE,Storage
21729,SMALL MARAKESH METAL  LANTERN,Home Decor
20889,JARDIN DE FEMME SCENTED CANDLE,Candles & Fragrance
21327,SKULLS WRITING SET,Stationery
21425,SKULLS STORAGE BOX LARGE,Storage
21614,SET OF 12 ROSE BOTANICAL T-LIGHTS,Candles & Fragrance
21135,VICTORIAN  METAL POSTCARD SPRING,Home Decor
21106,CREAM SLICE FLANNEL CHOCOLATE SPOT,Personal Care
21007,ETCHED GLASS DROPLET DECORATION,Home Decor
79329,PINK FLOCK GLASS CANDLEHOLDER,Candles & Fragrance
85103,SILVER T-LIGHT SETTING,Home Decor
82616A,BUBBLE GUM SCARF KNITTING KIT,Sewing & Craft
16012,FOOD/DRINK SPUNGE STICKERS,Stationery
84249D,FAIRY CAKE GREETINGS CARD,Stationery
22202,MILK PAN PINK RETROSPOT,Kitchenware
79192A,RETRO PLASTIC 70'S TRAY,Kitchenware
22046,TEA PARTY  WRAPPING PAPER,Gift Packaging
17033,"BROCADE PURSE,SMALL ARCH BUTTON",Bags & Luggage
21882,SKULLS TAPE,Stationery
21884,CAKES AND BOWS GIFT  TAPE,Stationery
21881,CUTE CATS TAPE,Stationery
21880,RED AND WHITE SPOT TAPE,Stationery
79336,LIGHT PINK FLOCK GLASS CANDLEHOLDER,Candles & Fragrance
22331,WOODLAND PARTY BAG + STICKER SET,Party Supplies
85097B,BLUE ROCKING SINGING CANARY,Toys & Games
85111,SILVER GLITTER FLOWER VOTIVE HOLDER,Candles & Fragrance
21507,"ELEPHANT, BIRTHDAY CARD,",Stationery
22157,ANGEL DECORATION WITH LACE PADDED,Home Decor
84952C,MIRROR LOVE BIRD T-LIGHT HOLDER,Candles & Fragrance
21518,BANK ACCOUNT  GREETING  CARD,Stationery
84600,NEW BAROQUE JEWELLERY BOX,Home Decor
84510C,SET OF 4 POLKADOTS COASTERS,Home Decor
17109B,FLOWER FAIRY INCENSE LAVENDER,Candles & Fragrance
20669,RED HEART LUGGAGE TAG,Bags & Luggage
21681,GIANT MEDINA STAMPED METAL BOWL,Kitchenware
84828,JUNGLE POPSICLES ICE LOLLY HOLDERS,Kitchenware
10138,ASSORTED COLOUR JUMBO PEN,Stationery
35981C,WHITE SNOW SCANDINAVIAN STOCKING,Christmas
84510F,SET OF 4 NEW ENGLAND COASTERS,Home Decor
20736,PINK MINI TAPE MEASURE,Hardware & Tools
85162C,WHITE RETRODISC LAMPSHADE,Lighting
47579,TEA TIME BREAKFAST BASKET,Kitchenware
21337,SILVER WASHBAG,Bags & Luggage
72484,ROSES IN WHITE HEART CANDLE,Candles & Fragrance
37494A,FAIRY CAKE CERAMIC BUTTER DISH,Kitchenware
20906,VINTAGE NOTEBOOK BEAUTY GIRL,Stationery
85032A,ROMANTIC IMAGES GIFT WRAP SET,Gift Packaging
85018D,YULETIDE IMAGES S/6 PAPER BOXES,Gift Packaging
84708B,PINK JEWELLED PHOTO FRAME,Home Decor
21391,FRENCH EMROIDR LAVENDER SCENT HEART,Home Decor
90035C,"PEARL & SHELL 42""NECKL. IVORY",Jewelry & Accessories
90082A,DIAMANTE BOW BROOCH GREEN COLOUR,Jewelry & Accessories
21077,SET/20 WOODLAND PAPER NAPKINS,Party Supplies
90035B,"PEARL & SHELL 42""NECKL. PINK",Jewelry & Accessories
79163,BLACK CHAMPAGNE GLASS,Kitchenware
72779,SET/6 BLACK ROSE T-LIGHT CANDLES,Candles & Fragrance
85230G,ORANGE VOTIVE CANDLE,Candles & Fragrance
72024U,LILAC VOTIVE CANDLE,Candles & Fragrance
84969,ASSORTED COLOUR SET 6 TEASPOONS,Kitchenware
22309,TEA COSY RED  STRIPE,Kitchenware
21973,SET OF 36 MUSHROOM PAPER DOILIES,Party Supplies
35918B,BLUE FLORIBUNDA EGG WARMER,Kitchenware
85032D,YULETIDE IMAGES GIFT WRAP SET,Gift Packaging
20990,SPRING FLOWER CHOPSTICKS SET/5,Kitchenware
35914,PINK CHICK EGG WARMER + EGG CUP,Kitchenware
47590A,BLUE HAPPY BIRTHDAY BUNTING,Party Supplies
35610B,BLACK CHRISTMAS FLOCK DROPLET,Christmas
85164B,BLACK BAROQUE CUCKOO CLOCK,Home Decor
85168B,BLACK BAROQUE CARRIAGE CLOCK,Home Decor
85168A,WHITE BAROQUE CARRIAGE CLOCK,Home Decor
21924,BLUE/CREAM STRIPE FRINGE HAMMOCK,Garden & Outdoors
84795E,RIO PINK STRIPE HAMMOCK,Garden & Outdoors
21937,STRAWBERRY   PICNIC BAG,Garden & Outdoors
22047,EMPIRE GIFT WRAP,Gift Packaging
21676,FLOWERS  STICKERS,Stationery
85226A,WHITE/BLUE PULL BACK RACING CAR,Toys & Games
78056,CAMOUFLAGE BACKPACK ON WHEELS,Bags & Luggage
21146,ANTIQUE GLASS RIDGED HANGING BALL,Home Decor
22084,PAPER CHAIN KIT EMPIRE,Party Supplies
85177,BASKET OF FLOWERS SEWING KIT,Sewing & Craft
22097,SWALLOW SQUARE TISSUE BOX,Home Decor
90125E,AMBER BERTIE GLASS BEAD BAG CHARM,Jewelry & Accessories
90129B,TURQUOISE GLASS TASSLE BAG CHARM,Jewelry & Accessories
21552,CERAMIC BIRDHOUSE BLACK ROSE  LARGE,Garden & Outdoors
84874B,BLUE TRAVEL FIRST AID KIT,Personal Care
72754D,F FAIRY POTPOURRI CUSHIONS SUMMER,Home Decor
20818,GOLD TEDDY BEAR,Toys & Games
18007,ESSENTIAL BALM 3.5g TIN IN ENVELOPE,Personal Care
85185C,COW  SOCK PUPPET,Toys & Games
21551,CERAMIC BIRDHOUSE BUTTERFLY LARGE,Garden & Outdoors
84497,BUTTONS AND STRIPES NOTEBOOK,Stationery
84625C,BLUE NEW BAROQUE CANDLESTICK CANDLE,Home Decor
47592A,CAROUSEL DES CHILD'S OVERALL,Baby & Kids
47593B,SCOTTIES DESIGN BABY BIB,Baby & Kids
21158,MOODY GIRL DOOR HANGER,Home Decor
47420,ASSORTED COLOUR SUCTION CUP HOOK,Hardware & Tools
22170,PICTURE FRAME WOOD TRIPLE PORTRAIT,Home Decor
37506,NEW ENGLAND MILK JUG W GIFT BOX,Kitchenware
22129,PARTY CONES CANDY TREE DECORATION,Party Supplies
21632,VINTAGE PINK DECORATIVE PARASOL,Home & Garden
47503G,ASS FLORAL PRINT TAPE MEASURE,Hardware & Tools
84620,BLUE GINGHAM ROSE CUSHION COVER,Home Decor
22341,LOVE GARLAND PAINTED ZINC,Home Decor
22342,HOME GARLAND PAINTED ZINC,Home Decor
72818,CHRISTMAS DECOUPAGE CANDLE,Christmas
90148,LONG SILVER NECKLACE PASTEL FLOWER,Jewelry & Accessories
90139,FLOWER BROOCH 4 ASSORTED COLOURS,Jewelry & Accessories
90203,SILVER CHARM NECKLACE 70CM,Jewelry & Accessories
90180A,BLACK+WHITE NECKLACE W TASSEL,Jewelry & Accessories
90147,CHUNKY SILVER NECKLACE PASTEL FLOWE,Jewelry & Accessories
90155,RESIN NECKLACE W PASTEL BEADS,Jewelry & Accessories
84688,BEACH HUT DESIGN BLACKBOARD,Home Decor
21390,FILIGRIS HEART WITH BUTTERFLY,Home Decor
35809B,ENAMEL BLUE RIM TEA CONTAINER,Kitchenware
35810B,ENAMEL BLUE RIM COFFEE CONTAINER,Kitchenware
90214A,"LETTER ""A"" BLING KEY RING",Jewelry & Accessories
22061,LARGE CAKE STAND  HANGING STRAWBERY,Kitchenware
21972,SET OF 36 DINOSAUR PAPER DOILIES,Party Supplies
21211,SET OF 72 SKULL PAPER  DOILIES,Party Supplies
90002E,FLOWER BURST SILVER RING GREEN,Jewelry & Accessories
90002B,FLOWER BURST SILVER RING ROSE,Jewelry & Accessories
90002D,FLOWER BURST SILVER RING CRYSTAL,Jewelry & Accessories
90002C,FLOWER BURST SILVER RING MIDN'T BLU,Jewelry & Accessories
90175D,TIGRIS EYE CHUNKY CHARM BRACELET,Jewelry & Accessories
90190A,SILVER/CRYSTAL DROP EARRINGS W LEAF,Jewelry & Accessories
90072,RUBY DROP CHANDELIER EARRINGS,Jewelry & Accessories
90073,VINTAGE ENAMEL & CRYSTAL EARRINGS,Jewelry & Accessories
47570,ENGLISH ROSE TABLE CLOTH,Home Decor
84247K,"FOLK ART GREETING CARD,pack/12",Stationery
21468,BUTTERFLY CROCHET FOOD COVER,Kitchenware
85185F,LION SOCK PUPPET,Toys & Games
21655,HANGING RIDGE GLASS T-LIGHT HOLDER,Home Decor
47556,SET/2 SPOTTY + ROSE TEA TOWELS,Kitchenware
22210,WOOD STAMP SET BEST WISHES,Sewing & Craft
84818,DANISH ROSE PHOTO FRAME,Home Decor
21350,GINGHAM HEART WREATH,Home Decor
21010,ETCHED GLASS BIRD TREE DECORATION,Home Decor
71038,WHITE HANGING BEADS CANDLE HOLDER,Home Decor
21873,IF YOU CAN'T STAND THE HEAT MUG,Kitchenware
21872,GLAMOROUS  MUG,Kitchenware
21874,GIN AND TONIC MUG,Kitchenware
85159B,"WHITE TEA,COFFEE,SUGAR JARS",Kitchenware
85169B,BLACK LOVE BIRD CANDLE,Candles & Fragrance
85170B,SET/6 BLACK BIRD T-LIGHT CANDLES,Candles & Fragrance
85212,MINI PAINTED GARDEN DECORATION,Garden & Outdoors
72739C,DARK CHOCOLATE SCENTCANDLE,Candles & Fragrance
72740A,LARGE STRAWBERRY CHOCOLATE CANDLE,Candles & Fragrance
81952V,ROUND PURPLE CLOCK W/SUCKER,Home Decor
82599,FANNY'S REST STOPMETAL SIGN,Home Decor
82613C,"METAL SIGN,CUPCAKE SINGLE HOOK",Bathroom
84711B,PINK OVAL SHAPE TRINKET BOX,Home Decor
84971S,SMALL HEART FLOWERS HOOK,Hardware & Tools
85098B,BLUE FLYING SINGING CANARY,Toys & Games
85130D,BEADED CRYSTAL HEART PINK LARGE,Home Decor
85135C,RED DRAGONFLY HELICOPTER,Toys & Games
90018B,GOLD M.O.P ORBIT DROP EARRINGS,Jewelry & Accessories
90065A,WHITE VINTAGE CRYSTAL BRACELET,Jewelry & Accessories
90071,RUBY GLASS CLUSTER EARRINGS,Jewelry & Accessories
90133,TEAL/FUSCHIA COL BEAD NECKLACE,Jewelry & Accessories
90179B,PURPLE FINE BEAD NECKLACE W TASSEL,Jewelry & Accessories
90181B,AMETHYST GLASS/SHELL/PEARL NECKLACE,Jewelry & Accessories
90195A,PURPLE GEMSTONE BRACELET,Jewelry & Accessories
90197B,BLACK GLASS BRACELET W HEART CHARMS,Jewelry & Accessories
90201B,BLACK ENAMEL FLOWER RING,Jewelry & Accessories
90202B,WHITE ENAMEL FLOWER HAIR TIE,Jewelry & Accessories
90211B,JET BLACK LAS VEGAS NECKLACE 45CM,Jewelry & Accessories
21894,POTTING SHED SEED ENVELOPES,Stationery
22183,CAKE STAND VICTORIAN FILIGREE MED,Kitchenware
22314,OFFICE MUG WARMER CHOC+BLUE,Home & Garden
35609A,PINK FEATHER CHRISTMAS DECORATION,Christmas
37379A,PINK CHERRY BLOSSOM CUP & SAUCER,Kitchenware
37423,WHITE WITH BLACK CATS PLATE,Kitchenware
37482P,CUBIC MUG PINK POLKA DOT,Kitchenware
37492B,BLUE YELLOW FLOWER PIGGY BANK,Toys & Games
46775A,BUBBLE GUM CHUNKY KNITTED THROW,Home Decor
84081,WHITE CERAMIC PARTY SET (5PCS),Party Supplies
21665,TRIANGULAR RIDGED GLASS POSY HOLDER,Home Decor
21666,RIDGED GLASS T-LIGHT HOLDER,Candles & Fragrance
21683,MEDIUM MEDINA STAMPED METAL BOWL,Home Decor
21853,GUMBALL CUSTOM CARS TOP TRUMPS GAME,Toys & Games
21860,DR WHO TOP TRUMPS GAME,Toys & Games
21936,RED/WHITE SPOT PICNIC BAG,Bags & Luggage
21974,SET OF 36 PAISLEY FLOWER DOILIES,Home Decor
21984,PACK OF 12 PINK PAISLEY TISSUES,Personal Care
21991,BOHEMIAN COLLAGE STATIONERY SET,Stationery
21641,ASSORTED TUTTI FRUTTI KEYRING BALL,Jewelry & Accessories
20996,JAZZ HEARTS ADDRESS BOOK,Stationery
21129,SILVER FISHING GNOME,Garden & Outdoors
21144,PINK POODLE HANGING DECORATION,Home Decor
21195,PINK  HONEYCOMB PAPER BALL,Party Supplies
21220,SET/4 BADGES DOGS,Jewelry & Accessories
21372,MIRRORED WALL ART TABLE LAMP,Lighting
21384,IVORY HANGING DECORATION  BUTTERFLY,Home Decor
21408,SPOTTY PINK DUCK DOORSTOP,Home Decor
16236,KITTY PENCIL ERASERS,Stationery
16243B,BROWN COZY SQUARE PHOTO ALBUM,Home Decor
16244A,MAXWELL 2 TONE PINK 60 PAGE PHOTO A,Home Decor
17096,ASSORTED LAQUERED INCENSE HOLDERS,Home Decor
20617,FIRST CLASS PASSPORT COVER,Bags & Luggage
20620,RED SPOTTY PASSPORT COVER,Bags & Luggage
20671,BLUE TEATIME PRINT BOWL,Kitchenware
20672,PINK TEATIME PRINT BOWL,Kitchenware
20701,PINK CAT FLORAL CUSHION COVER,Home Decor
20737,RED MINI TAPE MEASURE,Hardware & Tools
20845,ZINC HEART LATTICE 2 WALL PLANTER,Garden & Outdoors
20954,*USB Office Mirror Ball,Home Decor
90010B,BLACK/WHITE GLASS/SILVER BRACELET,Jewelry & Accessories
90011D,PURPLE CRYSTAL DROP EARRINGS,Jewelry & Accessories
90013B,BLACK VINTAGE EARRINGS,Jewelry & Accessories
90019A,SILVER M.O.P ORBIT BRACELET,Jewelry & Accessories
90024E,NEW BAROQUE B'FLY NECKLACE MONTANA,Jewelry & Accessories
90025E,BAROQUE BUTTERFLY EARRINGS MONTANA,Jewelry & Accessories
90027D,GLASS BEAD HOOP EARRINGS AMETHYST,Jewelry & Accessories
90033,IVORY SHELL HEART EARRINGS,Jewelry & Accessories
90034,WHITE SILVER NECKLACE SHELL GLASS,Jewelry & Accessories
90059A,DIAMANTE HAIR GRIP PACK/2 CRYSTAL,Jewelry & Accessories
90124A,PINK MURANO TWIST NECKLACE,Jewelry & Accessories
90160B,RED BOUDICCA LARGE BRACELET,Jewelry & Accessories
90161B,ANT COPPER TURQ BOUDICCA BRACELET,Jewelry & Accessories
90161C,ANT COPPER LIME BOUDICCA BRACELET,Jewelry & Accessories
90164B,WHITE  ROSEBUD PEARL BRACELET,Jewelry & Accessories
90181C,BLACK GLASS/SHELL/PEARL NECKLACE,Jewelry & Accessories
90183C,BLACK DROP EARRINGS W LONG BEADS,Jewelry & Accessories
90212B,JET BLACK LAS VEGAS BRACELET ROUND,Jewelry & Accessories
85114C,RED ENCHANTED FOREST PLACEMAT,Home Decor
85166A,WHITE METAL BAROQUE PHOTO FRAME,Home Decor
10002R,ROBOT PENCIL SHARPNER,Stationery
16202A,PASTEL PINK PHOTO ALBUM,Home Decor
16239,BALLERINA HEART DECORATION.,Home Decor
22230,JIGSAW TREE WITH WATERING CAN,Toys & Games
22248,DECORATION  PINK CHICK MAGIC GARDEN,Home Decor
22260,FELT EGG COSY BLUE RABBIT,Easter
22269,EGG CUP NATURAL CHICKEN,Kitchenware
22293,"SPRING DEC , HANGING CHICK  GREEN",Easter
35096B,RED VICTORIAN FABRIC HEART BOX,Gift Packaging
35598D,PINK/WHITE CHRISTMAS TREE 60CM,Christmas
35653,VINTAGE BEAD NOTEBOOK,Stationery
35966,FOLKART CHRISTMAS TREE T-LIGHT HOLD,Christmas
35967,FOLK ART METAL STAR T-LIGHT HOLDER,Home Decor
35968,FOLK ART METAL HEART T-LIGHT HOLDER,Home Decor
35969,FOLKART CROWN TABLE DECORATIONS,Home Decor
37467,PIG MUG IN TWO COLOUR DESIGNS,Kitchenware
47503A,ASS FLORAL PRINT MULTI SCREWDRIVER,Hardware & Tools
79051A,SMOKEY GREY COLOUR D.O.F. GLASS,Kitchenware
79191D,RETRO PLASTIC DAISY TRAY,Kitchenware
79303B,BLUE STAR BLOCK TABLE LAMP,Lighting
82585,SWEET VALENCIA CANDLE+CUP,Candles & Fragrance
82605,OLD DOC.RUSSEL METAL SIGN,Home Decor
82613A,"METAL SIGN,CUPCAKE SINGLE HOOK",Bathroom
84429A,MEDIUM PINK BUDDHA HEAD,Home Decor
84569A,PACK 3 IRON ON DOG PATCHES,Sewing & Craft
84569C,PACK 4 FLOWER/BUTTERFLY PATCHES,Sewing & Craft
84673A,PINK FLY SWAT,Home & Garden
84683,CLASSICAL ROSE CANDLESTAND,Home Decor
84685,BEACH HUT KEY CABINET,Home & Garden
84712B,PINK JEWELLED PHOTO FRAME,Home Decor
84907,PINK/YELLOW PATCH CUSHION COVER,Home Decor
84913B,MINT GREEN ROSE TOWEL,Bathroom
85017B,ENVELOPE 50 BLOSSOM IMAGES,Stationery
17039,INLAID WOOD INCENSE HOLDER,Home Decor
18094C,WHITE/BLUE RECT CERAMIC OIL BURNER,Home Decor
20653,CHERRY BLOSSOM LUGGAGE TAG,Bags & Luggage
20735,BLACK MINI TAPE MEASURE,Hardware & Tools
20764,ABSTRACT CIRCLES SKETCHBOOK,Stationery
20778,GARDEN PATH NOTEBOOK,Stationery
20862,PINK PATCH PENCIL CASE BLUE HEART,Stationery
20878,SET/9 CHRISTMAS T-LIGHTS SCENTED,Christmas
20933,YELLOW POT PLANT CANDLE,Candles & Fragrance
20950,SET/6  ANGEL T-LIGHTS WHITE/GOLD,Christmas
21040,MODERN VINTAGE COTTON SHOPPING BAG,Bags & Luggage
21065,BOOM BOX SPEAKER GIRLS,Miscellaneous
21193,WHITE HONEYCOMB PAPER FAN,Party Supplies
21267,VINTAGE PINK TINSEL REEL,Christmas
21294,ETCHED GLASS COASTER,Home Decor
21563,RED HEART SHAPE LOVE BUCKET,Party Supplies
21595,Dad's Cab Electronic Meter,Hardware & Tools
21659,GLASS CAKE STAND,Kitchenware
21675,BUTTERFLIES STICKERS,Stationery
21678,PAISLEY PATTERN  STICKERS,Stationery
21717,EASTER TIN BUCKET,Easter
21723,ALPHABET HEARTS STICKER SHEET,Stationery
21775,DECORATIVE FLORE BATHROOM BOTTLE,Bathroom
21801,CHRISTMAS TREE DECORATION WITH BELL,Christmas
21802,CHRISTMAS TREE HEART DECORATION,Christmas
21803,CHRISTMAS TREE STAR DECORATION,Christmas
21823,PAINTED METAL HEART WITH HOLLY BELL,Home Decor
21824,PAINTED METAL STAR WITH HOLLY BELLS,Home Decor
21846,PINK DIAMANTE PEN IN GIFT BOX,Stationery
21851,LILAC DIAMANTE PEN IN GIFT BOX,Stationery
21944,KITTENS DESIGN FLANNEL,Clothing & Shoes
22067,CHOC TRUFFLE GOLD TRINKET POT,Home Decor
22094,RED POLKA DOT TISSUE BOX,Home Decor
22099,CARAVAN SQUARE TISSUE BOX,Home Decor
22100,SKULLS SQUARE TISSUE BOX,Home Decor
21695,SMALL SILVER FLOWER CANDLE POT,Candles & Fragrance
21358,TOAST ITS - HAPPY BIRTHDAY,Party Supplies
21262,WHITE GOOSE FEATHER CHRISTMAS TREE,Christmas
16202B,PASTEL BLUE PHOTO ALBUM,Home Decor
20905,VINTAGE KEEPSAKE BOX BEAUTY GIRL,Home Decor
46775B,BERRIES CHUNKY KNITTED THROW,Furniture
47578A,ENGLISH ROSE SMALL SCENTED FLOWER,Home Decor
85151,WELCOME METAL SIGN,Home Decor
20693,FLORAL DINOSAUR GREEN,Toys & Games
84705D,CHERRY BLOSSOM PHOTO FRAME,Home Decor
84247J,PACK/12 RUSSIAN DOLL CARDS,Stationery
35241,ENAMEL BLUE RIM BISCUIT BIN,Kitchenware
22265,EASTER DECORATION NATURAL CHICK,Easter
79030G,"TUMBLER, NEW ENGLAND",Kitchenware
21171,BATHROOM METAL SIGN,Bathroom
85129C,BEADED CRYSTAL HEART BLUE SMALL,Jewelry & Accessories
21388,IVORY HANGING DECORATION  CHICKEN,Easter
84705A,ENGLISH ROSE PHOTO FRAME,Home Decor
85163A,WHITE BAROQUE WALL CLOCK,Home Decor
85165,CANDY PINK FRENCH BOUDOIR CLOCK,Home Decor
84705F,RED PEONY PHOTO FRAME,Home Decor
21281,VINTAGE KITCHEN PRINT SEAFOOD,Art & Posters
21279,VINTAGE KITCHEN PRINT FRUITS,Art & Posters
21613,S/12 VANILLA  BOTANICAL T-LIGHTS,Candles & Fragrance
84690,S/2 BEACH HUT STOOLS,Furniture
21282,NATURAL BARK CANDLE LARGE,Candles & Fragrance
72351A,SET/6 TURQUOISE BUTTERFLY T-LIGHTS,Candles & Fragrance
85080,PADDED RED HEART DECORATION,Valentines & Romance
35603C,SET/16 WHITE SHINY & MATT BAUBLES,Christmas
20793,BLUE TILED TRAY,Kitchenware
84750B,BLACK SMALL GLASS CAKE STAND,Kitchenware
84765,SILVER ROCOCO CANDELABRA,Home Decor
47563A,RETRO LONGBOARD IRONING BOARD COVER,Home & Garden
37477B,"FLOWER FAIRY MUG+COASTER,LAVENDER",Kitchenware
85025C,PINK HEART SHAPE PHOTO FRAME,Home Decor
35911A,MULTICOLOUR RABBIT EGG WARMER,Easter
82011B,BATHROOM SCALES RUBBER DUCKS,Bathroom
21555,CERAMIC STRAWBERRY TRINKET TRAY,Home Decor
37327,ASSTD MULTICOLOUR CIRCLES MUG,Kitchenware
84875A,PINK SQUARE COMPACT MIRROR,Personal Care
35821P,"JEWELLED DECORATION,PINK",Home Decor
62018,SOMBRERO,Clothing & Shoes
22220,CAKE STAND LOVEBIRD 2 TIER WHITE,Kitchenware
90129C,GREEN GLASS TASSLE BAG CHARM,Jewelry & Accessories
20988,TRELLIS FLOWER CHOPSTICKS SET/5,Kitchenware
84572,6 HOOK JEWEL STAND LILAC DRESS,Home Decor
17084N,FAIRY DREAMS INCENSE,Candles & Fragrance
21011,GLITTER SNOW PEAR TREE DECORATION,Christmas
21550,CERAMIC BIRDHOUSE CRESTED TIT LARGE,Garden & Outdoors
47569,ENGLISH ROSE DESIGN SHOPPING BAG,Bags & Luggage
17084G,MOON INCENSE,Candles & Fragrance
10080,GROOVY CACTUS INFLATABLE,Toys & Games
21849,SILVER DIAMANTE PEN IN GIFT BOX,Stationery
20871,OPULENT VELVET SET/3 CANDLES,Candles & Fragrance
21118,SHOPPING BAG DOORSTOP,Home Decor
35751D,PINK CURRENT CANDLE RING,Home Decor
72038P,PRICE'S CANDLE PEACH,Candles & Fragrance
72750A,"F.FAIRY S/3 CANDLE/GLASS,LILY/VALLY",Candles & Fragrance
35015,JACOBS LADDER SMALL,Home & Garden
90014C,SILVER/BLACK ORBIT NECKLACE,Jewelry & Accessories
20819,SILVER TEDDY BEAR,Toys & Games
16202E,BLACK PHOTO ALBUM,Home Decor
16201B,PASTEL BLUE PHOTO ALBUM,Home Decor
16201A,PASTEL PINK PHOTO ALBUM,Home Decor
20696,FLORAL SOFT CAR TOY,Toys & Games
85089,CANDY SPOT BUNNY,Easter
40046A,RED DAISY PAPER LAMPSHADE,Lighting
22182,CAKE STAND VICTORIAN FILIGREE SMALL,Kitchenware
16202C,BEIGE PHOTO ALBUM,Home Decor
85224,ASSORTED COLOUR SILK GLASSES CASE,Jewelry & Accessories
22078,RIBBON REEL LACE DESIGN,Sewing & Craft
85007,SET OF 3 VINTAGE TEA TIME BOXES,Storage
21076,SET/20 COLLAGE PAPER NAPKIN,Party Supplies
22059,CERAMIC STRWBERRY DESIGN MUG,Kitchenware
84569D,PACK 6 HEART/ICE-CREAM PATCHES,Sewing & Craft
22209,WOOD STAMP SET HAPPY BIRTHDAY,Stationery
21402,RED  EGG  SPOON,Kitchenware
21403,BLUE EGG  SPOON,Kitchenware
21285,RETRO SPOT CANDLE  MEDIUM,Candles & Fragrance
17136A,BLUE STONES ON WIRE FOR CANDLE,Home Decor
82607A,GLASS BONBON JAR PARFUME AUX FLEURE,Kitchenware
82607E,GLASS BONBON JAR. D'AMANDES,Kitchenware
72369A,PINK CLEAR GLASS CANDLE PLATE,Home Decor
72351B,SET/6 PINK  BUTTERFLY T-LIGHTS,Candles & Fragrance
22228,BUNNY WOODEN PAINTED WITH BIRD,Home Decor
21438,TUB 24 HANGING EASTER EGGS SPOTTY,Easter
22270,HAPPY EASTER HANGING DECORATION,Easter
22284,HEN HOUSE DECORATION,Easter
21206,STRAWBERRY HONEYCOMB  GARLAND,Party Supplies
21203,BUTTERFLIES  HONEYCOMB GARLAND,Party Supplies
21188,3D HEARTS  HONEYCOMB PAPER GARLAND,Party Supplies
85179C,PINK BITTY LIGHT CHAIN,Lighting
85179A,GREEN BITTY LIGHT CHAIN,Lighting
85180A,RED HEARTS LIGHT CHAIN,Lighting
21123,SET/10 IVORY SPOTTY PARTY CANDLES,Party Supplies
85185E,DUCK SOCK PUPPET,Toys & Games
16169M,WRAP DAISY CARPET,Furniture
21629,SQUARE FLOOR CUSHION VINTAGE PINK,Furniture
21769,VINTAGE POST OFFICE CABINET,Furniture
21696,SMALL SILVER TRELLIS CANDLEPOT,Home Decor
21693,SMALL HAMMERED SILVER CANDLEPOT,Home Decor
21651,HANGING GLASS ETCHED TEALIGHT,Candles & Fragrance
84993B,75 BLACK PETIT FOUR CASES,Party Supplies
85040A,S/4 PINK FLOWER CANDLES IN BOWL,Candles & Fragrance
90083,CRYSTAL CZECH CROSS PHONE CHARM,Jewelry & Accessories
16215,FUNKY GIRLZ MAGNETIC TO DO LIST,Stationery
21380,WOODEN HAPPY BIRTHDAY GARLAND,Party Supplies
15039,SANDALWOOD FAN,Home Decor
84627,CANDY STRIPE ROSE C/COVER,Home Decor
21276,TWO EMBOSSED HEART MINI DRAWERS,Storage
22310,KNITTED MUG COSY IVORY COLOUR,Kitchenware
21620,S/4 ROSE    BOTANICAL  CANDLE,Candles & Fragrance
21690,SILVER  CANDLEPOT JARDIN,Home Decor
84537B,FAIRY CAKES GIFT BAG,Gift Packaging
22033,BOTANICAL ROSE GREETING CARD,Stationery
22032,BOTANICAL LILY GREETING CARD,Stationery
16161M,WRAP  PINK FLOCK,Gift Packaging
21450,DISTRESSED CANDLE STICK WHITE,Home Decor
84763,ZINC FINISH 15CM PLANTER POTS,Garden & Outdoors
35810A,ENAMEL PINK COFFEE CONTAINER,Kitchenware
35809A,ENAMEL PINK TEA CONTAINER,Kitchenware
35811A,ENAMEL PINK SUGAR CONTAINER,Kitchenware
21054,NURSE'S BAG SOFT TOY,Toys & Games
21056,DOCTOR'S BAG SOFT TOY,Toys & Games
20702,PINK PADDED MOBILE,Baby & Kids
21303,FILIGREE WALL MIRROR  ANTIQUE WHITE,Home Decor
85131A,BEADED PEARL HEART WHITE ON STICK,Home Decor
21657,MILK BOTTLE WITH GLASS STOPPER,Kitchenware
85078,SCANDINAVIAN 3 HEARTS NAPKIN RING,Kitchenware
84745A,PINK HANGING GINGHAM EASTER HEN,Easter
84745B,BLUE HANGING GINGHAM EASTER HEN,Easter
22292,"SPRING DEC , HANGING CHICK  YELLOW",Easter
22287,"DECORATION , WOBBLY CHICKEN, METAL",Easter
84882,GREEN WIRE STANDING CANDLE HOLDER,Home Decor
21427,SKULLS STORAGE BOX SMALL,Storage
22332,SKULLS PARTY BAG + STICKER SET,Party Supplies
22053,EMPIRE DESIGN ROSETTE,Party Supplies
10109,BENDY COLOUR PENCILS,Stationery
21910,WAY OUT METAL SIGN,Home Decor
37345,ASSTD HEARTS DESIGN MUGS,Kitchenware
22204,MILK PAN BLUE RETROSPOT,Kitchenware
84509G,FAIRY CAKE PLACEMATS,Kitchenware
21564,PINK  HEART SHAPE LOVE BUCKET,Garden & Outdoors
84687,BEACH HUT SHELF W 3 DRAWERS,Furniture
21536,DAIRY MAID  SMALL  MILK JUG,Kitchenware
90214C,"LETTER ""C"" BLING KEY RING",Jewelry & Accessories
90214D,"LETTER ""D"" BLING KEY RING",Jewelry & Accessories
35953,FOLKART STAR CHRISTMAS DECORATIONS,Christmas
21127,COLOURFUL FISHING GNOME,Home & Garden
21306,SET/4 DAISY MIRROR MAGNETS,Home Decor
84415B,BLUE FLOCK CUSHION COVER,Home Decor
85083,KISS REINDEER SCANDINAVIAN STOCKING,Christmas
37333,"RETRO ""TEA FOR ONE""",Kitchenware
84989B,75 BLACK FAIRY CAKE CASES,Party Supplies
72799A,BLACK PILLAR CANDLE SILVER FLOCK,Candles & Fragrance
85173,SET/6 FROG PRINCE T-LIGHT CANDLES,Candles & Fragrance
21644,ASSORTED TUTTI FRUTTI HEART BOX,Gift Packaging
35824C,"HANGING FLOWERS+MIRROR,CLEAR",Home Decor
35817B,"ACRYLIC JEWEL SNOWFLAKE,BLUE",Home Decor
84875D,BLUE SQUARE COMPACT MIRROR,Personal Care
46000U,POLYESTER FILLER PAD 30CMx30CM,Sewing & Craft
84255B,ORANGE COCKTAIL GLASS LAMP,Lighting
46776F,WOVEN ROSE GARDEN CUSHION COVER,Home Decor
15060B,FAIRY CAKE DESIGN UMBRELLA,Baby & Kids
84912A,PINK ROSE WASHBAG,Bags & Luggage
84922,PINK BUTTERFLY WASHBAG,Bags & Luggage
21000,ROSE DU SUD COSMETICS BAG,Bags & Luggage
90190B,GOLD/AMBER DROP EARRINGS W LEAF,Jewelry & Accessories
90019C,SILVER BLACK ORBIT BRACELET,Jewelry & Accessories
90024C,NEW BAROQUE B'FLY NECKLACE GREEN,Jewelry & Accessories
90011B,BLACK CRYSTAL DROP EARRINGS,Jewelry & Accessories
90012B,BLACK DROP CRYSTAL NECKLACE,Jewelry & Accessories
85023B,EAU DE NILE JEWELLED PHOTOFRAME,Home Decor
21509,COWBOYS AND INDIANS BIRTHDAY CARD,Stationery
79190D,RETRO PLASTIC DAISY TRAY,Kitchenware
79190A,RETRO PLASTIC 70'S TRAY,Kitchenware
10134,COLOURING PENCILS BROWN TUBE,Stationery
21051,RIBBONS PURSE,Bags & Luggage
72803B,OCEAN SCENT CANDLE JEWELLED DRAWER,Candles & Fragrance
47592B,SCOTTIES DESIGN CHILD'S OVERALL,Clothing & Shoes
84548,CROCHET BEAR RED/BLUE  KEYRING,Jewelry & Accessories
84676,BATH DUCK WATERING CAN,Garden & Outdoors
16015,MEDIUM CHINESE STYLE SCISSOR,Sewing & Craft
20847,ZINC HEART LATTICE CHARGER LARGE,Home Decor
20902,VINTAGE KEEPSAKE BOX PARIS DAYS,Storage
20910,VINTAGE PHOTO ALBUM PARIS DAYS,Storage
21194,PINK  HONEYCOMB PAPER FAN,Party Supplies
21207,SKULL AND CROSSBONES  GARLAND,Party Supplies
21250,SET OF SKULL WALL STICKERS,Home Decor
21293,MIRRORED DOVE WALL DECORATION,Home Decor
21311,SET/4 BIRD MIRROR MAGNETS,Home Decor
21630,FLOOR CUSHION ELEPHANT CARNIVAL,Furniture
21634,ASSORTED MINI MADRAS NOTEBOOK,Stationery
21656,RIDGED GLASS POSY VASE,Home Decor
21774,DECORATIVE CATS BATHROOM BOTTLE,Bathroom
21903,MAN FLU METAL SIGN,Bathroom
21923,RED/CREAM STRIPE FRINGE HAMMOCK,Garden & Outdoors
21950,SET OF 6 DOTS CHOPSTICKS,Kitchenware
22057,CERAMIC PLATE STRAWBERRY DESIGN,Kitchenware
22323,PINK POLKADOT KIDS BAG,Baby & Kids
35611B,BLACK ASSORTED DROPLET DECORATION,Home Decor
35915C,PEACH KNITTED HEN,Home Decor
46118,FUNKY MONKEY CUSHION COVER,Home Decor
47481,50CM METAL STRING WITH  7 CLIPS,Home & Garden
47504H,ENGLISH ROSE SPIRIT LEVEL,Hardware & Tools
47504J,ENGLISH ROSE SET/3 GARDEN TOOLS,Garden & Outdoors
47594B,SCOTTIES DESIGN WASHBAG,Bags & Luggage
71406C,BLACK ORANGE SQUEEZER,Kitchenware
78124,MAGAZINE RACK GEBRA ASSORTED,Furniture
79315W,FLYING SAUCER TABLE LIGHT IN WHITE,Lighting
84247L,FAWN AND MUSHROOM GREETING CARD,Stationery
84250M,"GREETING CARD, BLACKPOOL ROCK",Stationery
84292,ROSE PINK METAL FOLDING CHAIR,Furniture
84306,S/3 PINK SQUARE PLANTERS ROSES,Garden & Outdoors
84584,PINK GINGHAM CAT WITH SCARF,Home Decor
84638,SMALL KITCHEN FLOWER POTS PLAQUE,Home Decor
84659A,WHITE TRAVEL ALARM CLOCK,Home Decor
84675,FROG KING WATERING CAN,Garden & Outdoors
84968A,S/16 VINTAGE ROSE CUTLERY,Kitchenware
85039C,S/4 BLACK MINI ROSE CANDLE IN BOWL,Candles & Fragrance
85121B,RETRO LAUNDRY TUB PINK,Storage
85136B,BLUE SHARK HELICOPTER,Toys & Games
90010A,MIDNIGHT BLUE GLASS/SILVER BRACELET,Jewelry & Accessories
90011A,MIDNIGHT BLUE CRYSTAL DROP EARRINGS,Jewelry & Accessories
90012A,MIDNIGHT BLUE DROP CRYSTAL NECKLACE,Jewelry & Accessories
90013A,MIDNIGHT BLUE VINTAGE EARRINGS,Jewelry & Accessories
90028,NEW BAROQUE LARGE NECKLACE BLK/WHIT,Jewelry & Accessories
90035A,"PEARL & SHELL 42""NECKL. GREEN",Jewelry & Accessories
90036A,FLOWER GARLAND NECKLACE RED,Jewelry & Accessories
90040A,MURANO STYLE GLASS BRACELET RED,Jewelry & Accessories
90040B,MURANO STYLE GLASS BRACELET BLACK,Jewelry & Accessories
90059D,DIAMANTE HAIR GRIP PACK/2 PERIDOT,Jewelry & Accessories
90063B,BLACK VINT ART DEC CRYSTAL NECKLACE,Jewelry & Accessories
90176A,CLASSIC DIAMANTE NECKLACE JET,Jewelry & Accessories
90180B,PURPLE AMETHYST NECKLACE W TASSEL,Jewelry & Accessories
90185D,CRYSTAL DIAMANTE EXPANDABLE RING,Jewelry & Accessories
90186A,AMETHYST HOOP EARRING FLORAL LEAF,Jewelry & Accessories
90187B,GREEN DROP EARRINGS W BEAD CLUSTER,Jewelry & Accessories
DCGS0004,HAYNES CAMPER SHOULDER BAG,Bags & Luggage
DCGS0076,SUNJAR LED NIGHT NIGHT LIGHT,Lighting
16244B,MAXWELL 2 TONE BLUE 60 PAGE PHOTO A,Stationery
84706B,FAIRY CAKES TABLE CLOCK,Home Decor
22334,DINOSAUR PARTY BAG + STICKER SET,Party Supplies
37441,ASSORTED WHITE EMBOSSED CHINA MUGS,Kitchenware
20893,HANGING BAUBLE T-LIGHT HOLDER SMALL,Home Decor
22074,6 RIBBONS SHIMMERING PINKS,Gift Packaging
20733,GOLD MINI TAPE MEASURE,Hardware & Tools
21682,LARGE MEDINA STAMPED METAL BOWL,Home Decor
21392,RED SPOTTY PUDDING BOWL,Kitchenware
35958,FOLKART ZINC STAR CHRISTMAS DEC,Christmas
84725,FREESTYLE CANVAS ART PICTURE,Art & Posters
84721,MANHATTAN CANVAS ART PICTURE,Art & Posters
72045D,ROSES ON BLUE TEACUP CANDLE,Candles & Fragrance
84247G,"DECOUPAGE,GREETING CARD,",Stationery
84581,DOG TOY WITH PINK CROCHET SKIRT,Pet Items
79338,DARK PINK FLOCK GLASS CANDLEHOLDER,Home Decor
21728,METAL MEDINA LANTERN,Home & Garden
21324,HANGING MEDINA LANTERN SMALL,Home & Garden
21667,GLASS CAKE COVER AND PLATE,Kitchenware
21288,STRIPEY CHOCOLATE NESTING BOXES,Storage
22098,BOUDOIR SQUARE TISSUE BOX,Bathroom
47562,ENGLISH ROSE IRONING BOARD COVER,Home & Garden
22291,"SPRING DEC , HANGING CHICK CREAM",Easter
84906,PINK B'FLY C/COVER W BOBBLES,Home & Garden
21389,IVORY HANGING DECORATION  BIRD,Home Decor
20738,GREEN MINI TAPE MEASURE,Hardware & Tools
16014,SMALL CHINESE STYLE SCISSOR,Sewing & Craft
16016,LARGE CHINESE STYLE SCISSOR,Sewing & Craft
85079,EMBROIDERED REINDEER DECORATION,Christmas
21447,12 IVORY ROSE PEG PLACE SETTINGS,Party Supplies
84761,IVORY HANGING BIRD PLANTER,Garden & Outdoors
21446,12 RED ROSE PEG PLACE SETTINGS,Party Supplies
21422,PORCELAIN ROSE SMALL,Home Decor
22164,STRING OF STARS CARD HOLDER,Stationery
21664,RIDGED GLASS STORAGE JAR CREAM LID,Kitchenware
84595E,LARGE TORTILLA DESIGN RED BOWL,Kitchenware
51012L,"FEATHER DUSTER, LIGHT PINK",Cleaning Supplies
21224,SET/4 SKULL BADGES,Jewelry & Accessories
22158,3 HEARTS HANGING DECORATION RUSTIC,Home Decor
85167A,WHITE GRAND BAROQUE PHOTO FRAME,Home Decor
20861,GOLD COSMETIC BAG PINK STAR,Bags & Luggage
84680,CLASSICAL ROSE URN,Home & Garden
21381,MINI WOODEN HAPPY BIRTHDAY GARLAND,Party Supplies
20855,PINK PATCH PURSE BLUE HEART,Bags & Luggage
81950B,FLOWER BLUE CLOCK W/SUCKER,Home Decor
20854,BLUE PATCH PURSE PINK HEART,Bags & Luggage
81950V,FLOWER PURPLE CLOCK W/SUCKER,Home Decor
90036C,"FLOWER GLASS GARLAND NECKL.36""BLUE",Jewelry & Accessories
85036A,GARDENIA 1 WICK MORRIS BOXED CANDLE,Candles & Fragrance
84030E,ENGLISH ROSE HOT WATER BOTTLE,Personal Care
45008C,DECORATIVE NET CANOPY CREAM,Home Decor
84562A,PINK/WHITE RIBBED MELAMINE JUG,Kitchenware
84880,WHITE WIRE EGG HOLDER,Kitchenware
84993A,75 GREEN PETIT FOUR CASES,Kitchenware
C2,CARRIAGE,Toys & Games
90089,PINK CRYSTAL SKULL PHONE CHARM,Jewelry & Accessories
85179B,WHITE BITTY LIGHT CHAIN,Lighting
21654,RIDGED GLASS FINGER BOWL,Kitchenware
21316,SMALL CHUNKY GLASS ROMAN  BOWL,Kitchenware
22299,PIG KEYRING WITH LIGHT & SOUND,Jewelry & Accessories
46776B,WOVEN BERRIES CUSHION COVER,Home Decor
84625A,PINK NEW BAROQUECANDLESTICK CANDLE,Candles & Fragrance
84625D,WHITE NEWBAROQUE CANDLESTICK CANDLE,Candles & Fragrance
46126A,ELVIS WALLHANGING / CURTAIN,Home Decor
84356,POMPOM CURTAIN,Home Decor
22045,SPACE BOY GIFT WRAP,Gift Packaging
22048,BIRTHDAY BANQUET GIFT WRAP,Gift Packaging
22050,PINK PAISLEY ROSE GIFT WRAP,Gift Packaging
22052,VINTAGE CARAVAN GIFT WRAP,Gift Packaging
51014L,"FEATHER PEN,LIGHT PINK",Stationery
20760,GARDEN PATH POCKET BOOK,Home & Garden
22040,BOTANICAL ROSE GIFT WRAP,Gift Packaging
22223,CAKE PLATE LOVEBIRD PINK,Kitchenware
84945,MULTI COLOUR SILVER T-LIGHT HOLDER,Home Decor
90014B,GOLD M PEARL  ORBIT NECKLACE,Jewelry & Accessories
90022,EDWARDIAN DROP EARRINGS JET BLACK,Jewelry & Accessories
90070,RUBY GLASS CLUSTER BRACELET,Jewelry & Accessories
90123D,WHITE HEART OF GLASS BRACELET,Jewelry & Accessories
90130C,GREEN STONE/CRYSTAL EARRINGS,Jewelry & Accessories
90163A,PINK ROSEBUD & PEARL NECKLACE,Jewelry & Accessories
90164A,PINK ROSEBUD PEARL BRACELET,Jewelry & Accessories
90165B,WHITE ROSEBUD  PEARL EARRINGS,Jewelry & Accessories
90174,BUTTERFLY HAIR BAND,Jewelry & Accessories
16256B,FLOWER PENCIL/RUBBER+5 MINI PENCILS,Stationery
17129F,DEEP BLUE GLASS GEMS IN BAG,Home Decor
20699,MOUSEY LONG LEGS SOFT TOY,Toys & Games
20707,CRAZY DAISY HEART DECORATION,Home Decor
35840,FLAT GLASS  BAUBLE WHITE FLOCK,Christmas
35964,FOLKART CLIP ON STARS,Home Decor
35972,DAISY FOLKART HEART DECORATION,Home Decor
37495,FAIRY CAKE BIRTHDAY CANDLE SET,Party Supplies
46776A,WOVEN BUBBLE GUM CUSHION COVER,Home Decor
71403,"PINK/WHITE ""KEEP CLEAN"" BULLET BIN",Home & Garden
72819,CUPID DESIGN SCENTED CANDLES,Candles & Fragrance
79191B,RETRO PLASTIC POLKA TRAY,Home Decor
84661C,PINK SQUARE TABLE CLOCK,Home Decor
84762A,WHITE PICNIC BARBECUE BUCKET,Garden & Outdoors
84762B,PINK PICNIC BARBECUE BUCKET,Garden & Outdoors
84858A,NATURAL RIVIERA HANDBAG,Bags & Luggage
84926F,PSYCHEDELIC TILE COASTER,Kitchenware
85020,ROUND PINK HEART MIRROR,Home Decor
85034C,3 ROSE MORRIS BOXED CANDLES,Candles & Fragrance
85060,WOOD FAN WITH FLOWER DESIGN,Home & Garden
85128,PLANTPOT SINGLE HOOK PISTACHIO,Garden & Outdoors
85195,HANGING HEART BASKET,Home & Garden
20781,GOLD EAR MUFF HEADPHONES,Miscellaneous
20898,VINTAGE NOTEBOOK TRAVELOGUE,Stationery
20993,JAZZ HEARTS MEMO PAD,Stationery
21130,COLOURFUL STANDING GNOME,Home Decor
21147,JINGLE BELLS TREE DECORATION,Christmas
21219,SET/4 BADGES BALLOON GIRL,Miscellaneous
21261,GREEN GOOSE FEATHER CHRISTMAS TREE,Christmas
21292,SMALL STRIPES CHOCOLATE GIFT BAG,Gift Packaging
21336,GOLD WASHBAG,Bags & Luggage
21397,BLUE  SPOTTY EGG CUP,Kitchenware
21443,OLIVE CHALET BIRDFEEDER,Garden & Outdoors
21633,SUNFLOWER DECORATIVE PARASOL,Garden & Outdoors
21720,CAKE SHOP  STICKER SHEET,Stationery
21736,GOLD SCROLL GLASS T-LIGHT HOLDER,Home Decor
21785,RAIN PONCHO,Clothing & Shoes
21854,EURO FOOTBALL STARS TOP TRUMPS GAME,Toys & Games
21879,HEARTS GIFT TAPE,Gift Packaging
22060,LARGE CAKE STAND HANGING HEARTS,Kitchenware
17109D,FLOWER FAIRY INCENSE BOUQUET,Candles & Fragrance
72755D,FLOWER FAIRY OIL BURNER SET SUMMER,Candles & Fragrance
79406,FROSTED WHITE BASE,Home Decor
84846A,SCENTED CANDLE IN DIGITALIS TIN,Candles & Fragrance
17107D,"FLOWER FAIRY,5 SUMMER B'DRAW LINERS",Stationery
16169P,WRAP GREEN RUSSIAN FOLKART,Gift Packaging
84932A,SMALL GREEN PEONY FOLDING STOOL,Furniture
84932B,SMALL PINK PEONY FOLDING STOOL,Furniture
84932C,SMALL ORIENTAL BLUE FOLDING STOOL,Furniture
84932D,SMALL ORIENTAL RED FOLDING STOOL,Furniture
84933C,LARGE BLUE ORIENTAL FOLDING STOOL,Furniture
16169K,WRAP FOLK ART,Gift Packaging
47599A,PINK PARTY BAGS,Party Supplies
20717,STRAWBERRY SHOPPER BAG,Bags & Luggage
22258,FELT FARM ANIMAL RABBIT,Toys & Games
37408,ASSORTED DESIGN GEISHA GIRL MUGS,Kitchenware
16011,ANIMAL STICKERS,Stationery
21215,IVORY PAPER CUP CAKE CASES,Kitchenware
84795D,SEASIDE STRIPE HAMMOCK,Garden & Outdoors
37112,YELLOW BIRDS FELT DES FOODCOVER,Kitchenware
84425A,WHITE GLASS TV TRIPLE FRAME,Home Decor
85087,CANDY SPOT CUSHION COVER,Home Decor
21462,"NURSERY A,B,C PAINTED LETTERS",Home Decor
21399,BLUE  SPOTTY  COFFEE MUG,Kitchenware
79144B,PAINTED LIGHTBULB STAR+ MOON,Lighting
20837,FRENCH FLORAL CUSHION COVER,Home Decor
85096,HILDA CANDY SPOT RABBIT,Toys & Games
84625B,BLCK NEW BAROQUE CANDLESTICK CANDLE,Candles & Fragrance
20688,BEAUTY SPEED EXPRESSO CUPS,Kitchenware
84469,ROSE DES PADDED FLOOR CUSHION,Furniture
21661,VINTAGE GLASS TEA CADDY,Kitchenware
21662,VINTAGE GLASS COFFEE CADDY,Kitchenware
21274,EMBOSSED HEART 3 DRAWER SHELF,Furniture
21332,MOROCCAN BEATEN METAL MIRROR,Home Decor
20766,GARDEN PATH SKETCHBOOK,Stationery
84924D,LA PALMIERA METAL SIGN CALENDAR,Home Decor
84924A,WAKE UP COCKEREL CALENDAR SIGN,Home Decor
84916,HAND TOWEL PALE BLUE W FLOWERS,Bathroom
85019C,CURIOUS  IMAGES NOTEBOOK SET,Stationery
72801D,S/4 SKY BLUE DINNER CANDLES,Candles & Fragrance
21280,VINTAGE KITCHEN PRINT VEGETABLES,Art & Posters
35597D,PINK/WHITE CHRISTMAS TREE 30CM,Christmas
84926E,FLOWERS TILE COASTER,Kitchenware
84926D,LA PALMIERA TILE COASTER,Kitchenware
72800D,S/4 BLUE DINNER CANDLE SILVER FLOCK,Candles & Fragrance
72800B,S/4 PURPLE DINNER CANDLE BLK FLOCK,Candles & Fragrance
21627,ELEPHANT CARNIVAL POUFFE,Furniture
20762,GREEN FERN SKETCHBOOK,Stationery
16046,TEATIME PEN CASE & PENS,Stationery
79413,GLASS WINE GLASS DECORATIONS,Home Decor
51020B,STRIPY DESIGN SHOWER CAP,Personal Care
17001,HEAVENS SCENT FRAGRANCE OILS ASSTD,Candles & Fragrance
85032C,CURIOUS IMAGES GIFT WRAP SET,Gift Packaging
75149N,STRING CRYSTALS NATURAL,Home Decor
22317,FIVE CATS HANGING DECORATION,Home Decor
22066,LOVE HEART TRINKET POT,Home Decor
21779,MA CAMPAGNE MINI WOODEN CHEST,Storage
37492D,PURPLE GREEN FLOWER PIGGY BANK,Toys & Games
84427B,BLACK GLASS TV DOUBLE P/FRAME 15X10,Home Decor
21032,SPACE CADET WHITE,Toys & Games
21027,NINJA RABBIT PINK,Toys & Games
16216,LETTER SHAPE PENCIL SHARPENER,Stationery
84509F,NEW ENGLAND PLACEMATS,Home Decor
84509C,DOTTY PLACEMATS,Home Decor
47013C,WINE BOTTLE DRESSING DARK BLUE,Home Decor
21373,MIRRORED WALL ART SNOWFLAKES,Home Decor
85023A,CRYSTAL LARGE JEWELLED PHOTO FRAME,Home Decor
85024C,PINK SMALL JEWELLED PHOTOFRAME,Home Decor
85024A,CRYSTAL SMALL JEWELLED PHOTOFRAME,Home Decor
21915,RED  HARMONICA IN BOX,Toys & Games
72754A,FLOWER FAIRY POTPOURRI CUSHION LILY,Home Decor
84705C,PINK FLOCK PHOTO FRAME,Home Decor
85166B,BLACK METAL BAROQUE PHOTO FRAME,Home Decor
16049,TEATIME GEL PENS ASST,Stationery
21287,SCENTED VELVET LOUNGE CANDLE,Candles & Fragrance
21635,MADRAS NOTEBOOK LARGE,Stationery
21636,MADRAS NOTEBOOK MEDIUM,Stationery
72753B,S/3 FLWR FAIRY LAVENDER CANDLES,Candles & Fragrance
84569B,PACK 3 FIRE ENGINE/CAR PATCHES,Sewing & Craft
84608,ORNATE EDWARDIAN CANDLE HOLDER,Home Decor
84753A,PINK EAU DE COLOGNE BOTTLE,Personal Care
46776D,WOVEN SUNSET CUSHION COVER,Home Decor
72586,"S/6 HALLOWEEN GHOST T LIGHTS, 5CM H",Halloween
72122,COFFEE SCENT PILLAR CANDLE,Candles & Fragrance
84978,HANGING HEART JAR T-LIGHT HOLDER,Home Decor
35633B,BLUE TINSEL GARLAND,Christmas
21456,2 PICTURE BOOK EGGS EASTER CHICKS,Easter
21457,2 PICTURE BOOK EGGS EASTER DUCKS,Easter
21458,2 PICTURE BOOK EGGS EASTER BUNNY,Easter
22146,EASTER CRAFT IVY WREATH WITH CHICK,Easter
84452,METAL RABBIT LADDER EASTER,Easter
84456,SET OF 3 RABBIT EGG EASTER,Easter
22229,BUNNY WOODEN PAINTED WITH FLOWER,Easter
90040C,MURANO STYLE GLASS BRACELET GOLD,Jewelry & Accessories
21109,"LARGE CAKE TOWEL, CHOCOLATE SPOTS",Kitchenware
90011C,GREEN CRYSTAL DROP EARRINGS,Jewelry & Accessories
90130B,TURQ STONE/CRYSTAL EARRINGS,Jewelry & Accessories
90210C,RED   ACRYLIC FACETED BANGLE,Jewelry & Accessories
90210D,PURPLE ACRYLIC FACETED BANGLE,Jewelry & Accessories
90210A,GREY ACRYLIC FACETED BANGLE,Jewelry & Accessories
35932,PINK CHRISTMAS TREE DECORATION,Christmas
21830,ASSORTED CREEPY CRAWLIES,Halloween
84508B,STRIPES DESIGN TEDDY,Toys & Games
84508C,BLUE CIRCLES DESIGN TEDDY,Toys & Games
72751A,"F.FAIRY S/3 SML CANDLE,LILY/VALLEY",Candles & Fragrance
72751B,"F.FAIRY S/3 SML CANDLE, LAVENDER",Candles & Fragrance
72752B,"F.FAIRY,CANDLE IN GLASS,LAVENDER",Candles & Fragrance
72752A,"F.FAIRY,CANDLE IN GLASS,LILY/VALLEY",Candles & Fragrance
20879,TREE OF NOAH FESTIVE SCENTED CANDLE,Candles & Fragrance
21852,EMPIRE TEDDY,Toys & Games
79149B,SILICON STAR BULB  BLUE,Lighting
84830,LARGE ENGLISH ARBORETUM,Home & Garden
21338,MARAKESH LANTERN SMALL,Lighting
35271S,GOLD PRINT PAPER BAG,Gift Packaging
21300,ANTIQUE EDWARDIAN DRESSER,Furniture
17014C,ORIGAMI LAVENDER INCENSE CONES,Candles & Fragrance
37482B,CUBIC MUG BLUE POLKA DOT,Kitchenware
85117,NIGHTINGALE COATHOOK WHITE,Home Decor
21028,NINJA RABBIT BLACK,Toys & Games
21331,MOROCCAN BEATEN METAL DISH LARGE,Home Decor
84279P,CHERRY BLOSSOM  DECORATIVE FLASK,Home Decor
90184A,AMBER CHUNKY BEAD BRACELET W STRAP,Jewelry & Accessories
90184C,BLACK CHUNKY BEAD BRACELET W STRAP,Jewelry & Accessories
21418,STARFISH SOAP DISH,Bathroom
85142,JARDIN ETCHED GLASS GINGER JAR,Home Decor
84586L,"PINK ROSES/GINGHAM PATCH RABBIT 8""",Toys & Games
16219,HOUSE SHAPE PENCIL SHARPENER,Stationery
85214,TUB 24 PINK FLOWER PEGS,Home & Garden
22263,FELT EGG COSY LADYBIRD,Easter
20868,SILVER FABRIC MIRROR,Home Decor
84593,CROCHET ROSE DES CLOTHES HANGER,Storage
84592,CROCHET ROSE PURSE WITH SUEDE BACK,Bags & Luggage
85197,SET OF 12 MINI BUNNIES IN A BUCKET,Toys & Games
90196B,BLACK GEMSTONE NECKLACE 45CM,Jewelry & Accessories
90196A,PURPLE GEMSTONE NECKLACE 45CM,Jewelry & Accessories
90029,NEW BAROQUE SMALL NECKLACE BLACK,Jewelry & Accessories
90141E,ORANGE PENDANT TRIPLE SHELL NECKLAC,Jewelry & Accessories
90141A,GREEN PENDANT TRIPLE SHELL NECKLACE,Jewelry & Accessories
90141C,TURQ PENDANT TRIPLE SHELL NECKLACE,Jewelry & Accessories
20704,MR ROBOT SOFT TOY,Toys & Games
90126A,PINK BERTIE MOBILE PHONE CHARM,Jewelry & Accessories
90001D,ANTIQUE OLIVE GREEN FLOWER EARRINGS,Jewelry & Accessories
90161D,ANT COPPER PINK BOUDICCA BRACELET,Jewelry & Accessories
90161A,ANT COPPER RED BOUDICCA BRACELET,Jewelry & Accessories
90160D,PINK BOUDICCA LARGE BRACELET,Jewelry & Accessories
40046C,PINK BUTTERFLY PAPER LAMPSHADE,Lighting
47351B,BLUE  VOILE LAMPSHADE,Lighting
21376,LARGE  TALL CAMPHOR WOOD TOADSTOOL,Home Decor
84212,"ASSORTED FLOWER COLOUR ""LEIS""",Party Supplies
84918,CREAM C/COVER W YELLOW/GREEN FLOWER,Home Decor
21421,PORCELAIN ROSE LARGE,Home Decor
90214M,"LETTER ""M"" BLING KEY RING",Jewelry & Accessories
44242B,PINK FEATHERS CURTAIN,Home Decor
85132B,CHARLIE AND LOLA TABLE TINS,Kitchenware
21905,MORE BUTTER METAL SIGN,Home Decor
84467,ENGLISH ROSE DESIGN QUILTED THROW,Home Decor
85035B,CHOCOLATE 3 WICK MORRIS BOX CANDLE,Candles & Fragrance
82587,TEXRIO TOMATOES CANDLE+CUP,Candles & Fragrance
90122B,JADE CRYSTAL+GLASS BRACELET,Jewelry & Accessories
72805,VANILLA CANDLE IN EMBOSSED ZINC POT,Candles & Fragrance
84893,ANT WHITE IRON BASKET,Storage
21059,PARTY INVITES DINOSAURS,Party Supplies
20864,DENIM PATCH PENCIL CASE BUTTERFLY,Stationery
20857,BLUE ROSE PATCH PURSE PINK BUTTERFL,Jewelry & Accessories
20856,DENIM PATCH PURSE PINK BUTTERFLY,Jewelry & Accessories
77101A,UNION FLAG WINDSOCK,Garden & Outdoors
90115,SUMMER BUTTERFLIES BAG CHARM,Jewelry & Accessories
72232,FENG SHUI PILLAR CANDLE,Candles & Fragrance
72780,BLACK SILOUETTE CANDLE PLATE,Home Decor
35443,RASTA IN BATH W SPLIFF ASHTRAY,Home Decor
85144,JARDIN ETCHED GLASS BUTTER DISH,Kitchenware
21765,HANGING METAL BIRD BATH,Garden & Outdoors
84576,BLUE CAT BISCUIT BARREL PINK HEART,Kitchenware
84826,ASSTD DESIGN 3D PAPER STICKERS,Stationery
22043,CHRISTMAS CARD SCREEN PRINT,Christmas
21268,VINTAGE BLUE TINSEL REEL,Christmas
21988,PACK OF 6 SKULL PAPER PLATES,Party Supplies
84482,BUTTONS DESIGN JEWELLERY BOX,Storage
22285,"DECORATION HEN ON NEST, HANGING",Home Decor
84845C,CARNATION SQUARE HANDY TIN,Storage
84845D,GERANIUM SQUARE HANDY TIN,Storage
84845A,HOLLYHOCK SQUARE HANDY TIN,Storage
20833,SHAKER THROW  QUILTED,Home Decor
20775,DAISY NOTEBOOK,Stationery
84206A,3 BLACK CATS W HEARTS BLANK CARD,Stationery
84206C,CHAMPAGNE TRAY BLANK CARD,Stationery
84201B,HAPPY BIRTHDAY CARD STRIPEY TEDDY,Stationery
90152B,BLUE/GREEN SHELL NECKLACE W PENDANT,Jewelry & Accessories
90150,BLUE SHELL+SILVER NECKLACE,Jewelry & Accessories
90159,COTE D'AZURE NECKLACE,Jewelry & Accessories
20662,FIRST CLASS HOLIDAY PURSE,Jewelry & Accessories
40001,WHITE BAMBOO RIBS LAMPSHADE,Lighting
90060F,FIRE POLISHED GLASS NECKL GREEN,Jewelry & Accessories
90060C,FIRE POLISHED GLASS NECKL SILVER,Jewelry & Accessories
90060D,FIRE POLISHED GLASS NECKL BRONZE,Jewelry & Accessories
84819,DANISH ROSE ROUND SEWING BOX,Sewing & Craft
21265,PINK GOOSE FEATHER TREE 60CM,Home Decor
21084,SET/6 COLLAGE PAPER CUPS,Party Supplies
84795A,PASTEL STRIPE HAMMOCK,Garden & Outdoors
35909B,PINK FLOWERS RABBIT EASTER,Easter
20936,FORKED CACTUS CANDLE,Candles & Fragrance
35833P,4 PINK FLOCK CHRISTMAS BALLS,Christmas
35833G,4 GOLD FLOCK CHRISTMAS BALLS,Christmas
84795B,SUNSET CHECK HAMMOCK,Garden & Outdoors
84952A,CLEAR LOVE BIRD T-LIGHT HOLDER,Home Decor
17091F,SANDALWOOD INCENSE IN TIN,Candles & Fragrance
17091B,JASMINE TEA INCENSE IN TIN,Candles & Fragrance
17091A,LAVENDER INCENSE IN TIN,Candles & Fragrance
90214T,"LETTER ""T"" BLING KEY RING",Jewelry & Accessories
90214R,"LETTER ""R"" BLING KEY RING",Jewelry & Accessories
90214L,"LETTER ""L"" BLING KEY RING",Jewelry & Accessories
90214N,"LETTER ""N"" BLING KEY RING",Jewelry & Accessories
35976B,WHITE SCANDINAVIAN HEART CHRISTMAS,Christmas
84789,ENCHANTED BIRD PLANT CAGE,Home & Garden
35537,CANDLE RING W/CLEAR BEADS,Home Decor
21370,MIRRORED WALL ART FOXY,Home Decor
21652,GLASS ETCHED T-LIGHT HOLDER MEDIUM,Home Decor
21204,DAISIES  HONEYCOMB GARLAND,Party Supplies
84051,ASS COLOUR GLOWING TIARAS,Toys & Games
72753C,S/3 FLWR FAIRY ROSE CANDLES,Candles & Fragrance
72753D,S/3 FLWR FAIRY SUMMER CANDLES,Candles & Fragrance
21308,LOUVRE VANITY MIRROR,Home Decor
47554,S/3 COLOURS FLOCK TEA TOWELS,Kitchenware
21906,PHARMACIE FIRST AID TIN,Miscellaneous
85071C,"CHARLIE+LOLA""EXTREMELY BUSY"" SIGN",Home Decor
84741C,CITRUS GARLAND FELT FLOWERS,Party Supplies
21697,SET 5 MINI DOUGHNUT FRIDGE MAGNET,Home Decor
90111,BLUE HIBISCUS  HAIR CLIP,Jewelry & Accessories
90112,PINK DOLLY HAIR CLIPS,Jewelry & Accessories
21689,SILVER VANILLA  FLOWER CANDLE POT,Candles & Fragrance
20757,RED DAISY POCKET BOOK,Clothing & Shoes
20763,DAISY SKETCHBOOK,Stationery
20769,DAISY JOURNAL,Stationery
84870B,BLUE GEISHA GIRL,Home Decor
20731,POSY CANDY BAG,Party Supplies
47590B,PINK HAPPY BIRTHDAY BUNTING,Party Supplies
85025B,EAU DE NILE HEART SHAPE PHOTO FRAME,Home Decor
15044A,PINK PAPER PARASOL,Party Supplies
85200,BUNNY EGG BOX,Easter
85194L,HANGING SPRING FLOWER EGG LARGE,Easter
84454,WOBBLING METAL CHICKEN EASTER,Easter
85196,EASTER BUNNIES ON A STICK,Easter
85198,ASSORTED FARMYARD ANIMALS IN BUCKET,Toys & Games
22256,FELT FARM ANIMAL CHICKEN,Toys & Games
22267,EASTER DECORATION EGG BUNNY,Easter
84459B,YELLOW METAL CHICKEN HEART,Easter
22105,MIRROR MOSAIC GOBLET CANDLE HOLDER,Home Decor
21714,CITRONELLA CANDLE GARDEN POT,Garden & Outdoors
35598A,DUSTY PINK CHRISTMAS TREE 60CM,Christmas
20755,BLUE PAISLEY POCKET BOOK,Bags & Luggage
90002A,FLOWER BURST SILVER RING OPAL,Jewelry & Accessories
90214K,"LETTER ""K"" BLING KEY RING",Jewelry & Accessories
84661A,WHITE SQUARE TABLE CLOCK,Home Decor
84925D,LA PALMIERA WALL THERMOMETER,Home & Garden
47016,LIGHT DECORATION BATTERY OPERATED,Lighting
72128,COLUMBIAN CANDLE ROUND,Candles & Fragrance
16259,PIECE OF CAMO STATIONERY SET,Stationery
16020C,CLEAR STATIONERY BOX SET,Stationery
47347B,BLUE FLOWER T-LIGHT HOLDER,Home Decor
84522,PINK PARTY SUNGLASSES,Party Supplies
84746,PINK EASTER HENS+FLOWER,Easter
20705,MRS ROBOT SOFT TOY,Toys & Games
90100,NECKLACE+BRACELET SET PINK DAISY,Jewelry & Accessories
90099,NECKLACE+BRACELET SET BLUE HIBISCUS,Jewelry & Accessories
20700,GREEN CAT FLORAL CUSHION COVER,Home Decor
21365,MIRRORED WALL ART STARS,Home Decor
21395,BLUE SPOTTY BEAKER,Kitchenware
21319,GLASS CHALICE GREEN  SMALL,Kitchenware
72750D,F.FAIRY S/3 CANDLE/GLASS,Candles & Fragrance
35838A,S/6 MULTICOLOUR ORNAMENETAL CANDLE,Candles & Fragrance
16161E,WRAP BOUDOIR,Gift Packaging
17061,ASSORTED SHAPED STENCIL FOR HENNA,Sewing & Craft
17084P,DRAGONS BLOOD INCENSE,Candles & Fragrance
21674,RIDGED GLASS PENDANT LAMPSHADE,Lighting
22124,SET OF 2 TEA TOWELS PING MICROWAVE,Kitchenware
47593A,CAROUSEL DESIGN BABY BIB,Baby & Kids
81985A,"ICON ALARM CLOCK,FUSCHIA  PIN UP",Home Decor
21400,RED PUDDING SPOON,Kitchenware
21401,BLUE PUDDING SPOON,Kitchenware
21222,SET/4 BADGES BEETLES,Miscellaneous
84663A,GRASS HOPPER WOODEN WALL CLOCK,Home Decor
21199,PINK  HEART CONFETTI IN TUBE,Party Supplies
84744,S/6 SEW ON CROCHET FLOWERS,Sewing & Craft
84029D,LEOPARD PRINT HOT WATER BOTTLE,Home & Garden
72800C,S/4 PINK DINNER CANDLE SILVER FLOCK,Candles & Fragrance
90214P,"LETTER ""P"" BLING KEY RING",Jewelry & Accessories
20721,OWLS CHARLOTTE BAG,Bags & Luggage
85171,S/2 HYACINTH BULB CANDLES,Candles & Fragrance
84539,KNITTED RABBIT DOLL,Toys & Games
21043,APRON MODERN VINTAGE COTTON,Clothing & Shoes
84617,NEW BAROQUE BLACK BOXES,Storage
84707A,SILVER JEWELLED MIRROR TRINKET TRAY,Home Decor
20689,RETRO SISTERS EXPRESSO CUPS,Kitchenware
47480,HANGING PHOTO CLIP ROPE LADDER,Home Decor
85162B,BLACK RETRODISC LAMPSHADE,Lighting
90081A,LILY BROOCH AMETHYST COLOUR,Jewelry & Accessories
20931,BLUE POT PLANT CANDLE,Candles & Fragrance
20803,SMALL PINK GLASS SUNDAE DISH,Kitchenware
35610A,PINK CHRISTMAS FLOCK DROPLET,Christmas
35916A,YELLOW FELT HANGING HEART W FLOWER,Home Decor
37342,SPOTTY COFFEE CUP & SAUCER,Kitchenware
46138B,BLUE CHENILLE SHAGGY CUSHION COVER,Home Decor
47585A,PINK FAIRY CAKE CUSHION COVER,Home Decor
72771C,BLACK FLOCK GOLD CANDLE,Candles & Fragrance
79066K,RETRO MOD TRAY,Kitchenware
84228,HEN HOUSE W CHICK STANDING,Home & Garden
84563A,PINK & WHITE BREAKFAST TRAY,Kitchenware
84715,SET OF 6 ICE CREAM SKITTLES,Toys & Games
84796A,PINK HAWAIIAN PICNIC HAMPER FOR 2,Garden & Outdoors
84842,HELLO SAILOR BATHROOM SET,Bathroom
84843,WHITE SOAP RACK WITH 2 BOTTLES,Bathroom
85159A,"BLACK TEA,COFFEE,SUGAR JARS",Kitchenware
90037D,TINY CRYSTALS BRACELET BLACK,Jewelry & Accessories
90120A,PINK MURANO TWIST BRACELET,Jewelry & Accessories
90144,SILVER DROP EARRINGS WITH FLOWER,Jewelry & Accessories
90198B,VINTAGE ROSE BEAD BRACELET BLACK,Jewelry & Accessories
90204,PAIR OF ENAMEL BUTTERFLY HAIRCLIP,Jewelry & Accessories
20849,ZINC HEART LATTICE DOUBLE PLANTER,Garden & Outdoors
21131,GOLD STANDING GNOME,Home Decor
21378,SMALL TALL CAMPHOR WOOD TOADSTOOL,Home Decor
21946,PARTY TIME DESIGN FLANNEL,Home Decor
16048,TEATIME ROUND PENCIL SHARPENER,Stationery
20839,FRENCH PAISLEY CUSHION COVER,Home Decor
21092,SET/6 STRAWBERRY PAPER PLATES,Party Supplies
62096B,PURPLE/TURQ FLOWERS HANDBAG,Bags & Luggage
72140E,BEST DAD CANDLE LETTERS,Candles & Fragrance
82011C,BATHROOM SCALES FOOTPRINTS IN SAND,Bathroom
21414,SCALLOP SHELL SOAP DISH,Bathroom
21836,GINGHAM OVEN GLOVE RED HEART,Kitchenware
21943,CAKES AND RABBITS DESIGN FLANNEL,Home Decor
21982,PACK OF 12 SUKI TISSUES,Personal Care
22161,HEART DECORATION RUSTIC HANGING,Home Decor
22307,GOLD MUG BONE CHINA TREE OF LIFE,Kitchenware
35815B,"ACRYLIC JEWEL SNOWFLAKE,BLUE",Home Decor
84016,FLAG OF ST GEORGE CAR FLAG,Home & Garden
84531A,PINK KNITTED EGG COSY,Kitchenware
84531B,BLUE KNITTED EGG COSY,Kitchenware
84762C,GREEN PICNIC BARBECUE BUCKET,Garden & Outdoors
85093,CANDY SPOT EGG WARMER HARE,Kitchenware
85118,HEART T-LIGHT HOLDER,Candles & Fragrance
85121C,RETRO LAUNDRY TUB PISTACHIO,Storage
90000B,MIDNIGHT BLUE COPPER FLOWER NECKLAC,Jewelry & Accessories
90014A,SILVER/MOP ORBIT NECKLACE,Jewelry & Accessories
90038A,GLASS AND PAINTED BEADS BRACELET TO,Jewelry & Accessories
90120D,WHITE MURANO TWIST BRACELET,Jewelry & Accessories
90165A,PINK ROSEBUD PEARL EARRINGS,Jewelry & Accessories
90170,DAISY HAIR BAND,Jewelry & Accessories
90187A,BLUE DROP EARRINGS W BEAD CLUSTER,Jewelry & Accessories
85124B,BLUE JUICY FRUIT PHOTO FRAME,Home Decor
85124C,GREEN JUICY FRUIT PHOTO FRAME,Home Decor
21339,MARAKESH LANTERN LARGE,Lighting
47559B,TEA TIME OVEN GLOVE,Kitchenware
22168,"ORGANISER WOOD, ANTIQUE WHITE",Storage
84415A,PINK FLOCK SUEDE CUSHION COVER,Home Decor
79030D,"TUMBLER, BAROQUE",Kitchenware
21289,LARGE STRIPES CHOCOLATE GIFT BAG,Gift Packaging
22104,MIRROR MOSAIC CANDLE PLATE,Home Decor
84705B,FAIRY CAKES PHOTO FRAME,Home Decor
35923,CANDY HEART HANGING DECORATION,Home Decor
20895,VINTAGE NOTEBOOK FRENCH LETTER,Stationery
21780,MA CAMPAGNE 4 DRAWER WALL SHELF,Furniture
21847,GREEN  DIAMANTE PEN IN GIFT BOX,Stationery
84615,PINK ROUND BUTTERFLY MIRROR,Home Decor
84682,CLASSICAL ROSE DISH,Kitchenware
22056,CERAMIC PLATE LOVE HEART DESIGN,Kitchenware
17178,FLAT PALM T-LIGHT HOLDER,Home Decor
21904,HOUSE WRECKING METAL SIGN,Home Decor
85230B,CINNAMON SCENTED VOTIVE CANDLE,Candles & Fragrance
85230E,STRAWBRY SCENTED VOTIVE CANDLE,Candles & Fragrance
90125B,AQUA BERTIE GLASS BEAD BAG CHARM,Jewelry & Accessories
84564,6 SEGMENT COLOURED SNACK BOWL,Kitchenware
85084,HOLLY TOP CHRISTMAS STOCKING,Christmas
84968D,S/16 VINTAGE RED CUTLERY,Kitchenware
84827,ASS DES PHONE SPONGE CRAFT STICKER,Sewing & Craft
21060,PARTY INVITES BALLOON GIRL,Party Supplies
37432,MUG PINK AND PURPLE ARABIC DESIGN,Kitchenware
47503E,ASS FLORAL PRINT SCISSORS,Stationery
47503H,ASS FLORAL PRINT SPIRIT LEVEL,Hardware & Tools
44265,M/COLOUR POM-POM CURTAIN,Home Decor
84678,CLASSICAL ROSE SMALL VASE,Home Decor
37484,ENGLISH ROSE TEA FOR ONE GIFT BOX,Kitchenware
21757,LIGHTHOUSE PRINTED METAL SIGN,Home Decor
BANK CHARGES,Bank Charges,Miscellaneous
90011E,AMBER CRYSTAL DROP EARRINGS,Jewelry & Accessories
90190C,SILVER/AMETHYST DROP EARRINGS LEAF,Jewelry & Accessories
21269,ANTIQUE CREAM CUTLERY SHELF,Furniture
21270,ANTIQUE CREAM CUTLERY CUPBOARD,Furniture
21277,FRENCH STYLE EMBOSSED HEART CABINET,Furniture
84849A,HELLO SAILOR BLUE SOAP HOLDER,Bathroom
20851,ZINC HEART LATTICE TRAY OVAL,Kitchenware
84707B,PINK JEWELLED MIRROR TRINKET TRAY,Home Decor
35233,PASTA ENAMEL/BRASS CONTAINER,Kitchenware
20666,ECONOMY HOLIDAY PURSE,Bags & Luggage
85106,CUT GLASS HEXAGON T-LIGHT HOLDER,Home Decor
85169C,EAU DE NIL LOVE BIRD CANDLE,Candles & Fragrance
85169A,IVORY LOVE BIRD CANDLE,Candles & Fragrance
21764,VINTAGE WOODEN PLATE RACK,Furniture
21309,LOUVRE CHALKBOARD,Stationery
20935,ROUND CACTUS CANDLE,Candles & Fragrance
16218,CARTOON  PENCIL SHARPENERS,Stationery
17012B,ORIGAMI JASMINE INCENSE/CANDLE SET,Candles & Fragrance
21169,YOU'RE CONFUSING ME METAL SIGN,Home Decor
21278,VINTAGE KITCHEN PRINT PUDDINGS,Art & Posters
21367,MIRRORED WALL ART GENTS,Home Decor
21368,MIRRORED WALL ART LADIES,Home Decor
21413,PERIWINKLE T-LIGHT HOLDER,Home Decor
35647,VINTAGE BEAD PINK SHADE,Lighting
47581B,FAIRY CAKE WICKER PICNIC BASKET,Garden & Outdoors
84674,FLYING PIG WATERING CAN,Garden & Outdoors
85203,HANGING WOOD AND FELT BUTTERFLY,Home Decor
90036E,"FLOWER GLASS GARLD NECKL36""AMETHYST",Jewelry & Accessories
90048,GREEN WITH METAL BAG CHARM,Jewelry & Accessories
90056,CHUNKY CRACKED GLAZE NECKLACE IVORY,Jewelry & Accessories
90124B,BLUE MURANO TWIST NECKLACE,Jewelry & Accessories
90151,SILVER/NATURAL SHELL NECKLACE,Jewelry & Accessories
90152A,SILVER/NAT SHELL NECKLACE W PENDANT,Jewelry & Accessories
90166,PINK & WHITE ROSEBUD RING,Jewelry & Accessories
90185A,AMBER DIAMANTE EXPANDABLE RING,Jewelry & Accessories
21713,CITRONELLA CANDLE FLOWERPOT,Candles & Fragrance
20997,ROSE DU SUD CUSHION COVER,Home Decor
21616,4 PEAR BOTANICAL DINNER CANDLES,Candles & Fragrance
21275,ZINC TOP  2 DOOR WOODEN SHELF,Storage
20670,VIP HOLIDAY PURSE,Bags & Luggage
21062,PARTY INVITES SPACEMAN,Party Supplies
21061,PARTY INVITES FOOTBALL,Party Supplies
21698,MOCK LOBSTER FRIDGE MAGNET,Home Decor
84549,CROCHET WHITE RABBIT KEYRING,Jewelry & Accessories
84551,CROCHET DOG KEYRING,Jewelry & Accessories
21264,WHITE GOOSE FEATHER TREE 60CM,Home Decor
21437,24 HANGING EASTER EGGS FLORAL TUB,Easter
84665,SQUARE CHERRY BLOSSOM CABINET,Furniture
84666,SQUARE CHERRY BLOSSOM CABINET,Furniture
84664,CHERRY BLOSSOM BATHROOM CABINET,Bathroom
84597B,RETRO BROWN BALL ASHTRAY,Home Decor
84367,LA STREGA CANVAS PICTURE,Art & Posters
21415,CLAM SHELL SMALL,Home Decor
21594,Dr. Jam's Arouzer Stress Ball,Toys & Games
21749,LARGE RED SPOT WINDMILL,Garden & Outdoors
21845,DAIRY MAID STRIPE MUG,Kitchenware
35638B,PINK/BLUE STRING CURTAIN,Party Supplies
47502,POLKADOT CUTLERY 24 PCS IN TRAY,Kitchenware
17013B,ORIGAMI JASMINE INCENSE IN TUBE,Candles & Fragrance
17013D,ORIGAMI ROSE INCENSE IN TUBE,Candles & Fragrance
17014A,ORIGAMI VANILLA INCENSE CONES,Candles & Fragrance
84086C,PINK/PURPLE RETRO RADIO,Home Decor
84596J,MIXED NUTS LIGHT GREEN BOWL,Food & Beverage
84760S,SMALL HANGING GLASS+ZINC LANTERN,Home & Garden
84877D,BLUE ROUND COMPACT MIRROR,Personal Care
84913A,SOFT PINK ROSE TOWEL,Bathroom
85188A,GREEN METAL SWINGING BUNNY,Garden & Outdoors
90013E,AMBER VINTAGE EARRINGS,Jewelry & Accessories
90041,PEARL AND CHERRY QUARTZ BRACLET,Jewelry & Accessories
90059C,DIAMANTE HAIR GRIP PACK/2 MONTANA,Jewelry & Accessories
90059E,DIAMANTE HAIR GRIP PACK/2 RUBY,Jewelry & Accessories
90101,WHITE FRANGIPANI NECKLACE,Jewelry & Accessories
90175B,PINK GLASS CHUNKY CHARM BRACELET,Jewelry & Accessories
90205A,LARGE MINT DIAMANTE HAIRSLIDE,Jewelry & Accessories
90205C,LARGE CRYSTAL DIAMANTE HAIRSLIDE,Jewelry & Accessories
90209B,GREEN ENAMEL+GLASS HAIR COMB,Jewelry & Accessories
DCGS0003,BOXED GLASS ASHTRAY,Home Decor
90202C,GREEN ENAMEL FLOWER HAIR TIE,Jewelry & Accessories
84976,RECTANGULAR SHAPED MIRROR,Home Decor
90024D,NEW BAROQUE B'FLY NECKLACE PINK,Jewelry & Accessories
90030A,SPOTTED WHITE NATURAL SEED NECKLACE,Jewelry & Accessories
90030B,RED KUKUI COCONUT SEED NECKLACE,Jewelry & Accessories
90030C,BROWN KUKUI COCONUT SEED NECKLACE,Jewelry & Accessories
90163B,WHITE ROSEBUD & PEARL NECKLACE,Jewelry & Accessories
90169,DAISY HAIR COMB,Jewelry & Accessories
90173,PAIR BUTTERFLY HAIR CLIPS,Jewelry & Accessories
47310M,"SMALL POP BOX,FUNKY MONKEY",Toys & Games
47574A,ENGLISH ROSE SCENTED HANGING FLOWER,Candles & Fragrance
22306,SILVER MUG BONE CHINA TREE OF LIFE,Kitchenware
21383,PACK OF 12 STICKY BUNNIES,Toys & Games
71215,METAL BASE FOR CANDLES,Candles & Fragrance
22244,"HOOK, 3 HANGER ,MAGIC GARDEN",Hardware & Tools
22245,"HOOK, 1 HANGER ,MAGIC GARDEN",Hardware & Tools
84869,CANDY BUTTON PHOTO ALBUM,Home Decor
20896,VINTAGE NOTEBOOK PINK FLOWER,Stationery
20899,VINTAGE NOTEBOOK RED ROSE,Stationery
84626,CANDY STRIPE ROSE QUILT,Home Decor
16162L,THE KING GIFT BAG,Gift Packaging
21228,"POCKET MIRROR ""GLAMOROUS""",Jewelry & Accessories
90120B,BLUE MURANO TWIST BRACELET,Jewelry & Accessories
90027B,GLASS BEAD HOOP EARRINGS MONTANA,Jewelry & Accessories
20796,SMALL BLUE PROVENCAL CERAMIC BALL,Home Decor
20795,LARGE BLUE PROVENCAL CERAMIC BALL,Home Decor
21322,GLASS SPHERE CANDLE STAND LARGE,Candles & Fragrance
22290,STANDING METAL RABBIT WITH EGG,Easter
21631,HIPPY CHIC DECORATIVE PARASOL,Garden & Outdoors
84972L,GIANT PINK HEART MEMO HOLDER,Home Decor
84919,L BLUE C/COVER W PINK/YELLOW FLOWER,Home Decor
84984C,ORIENTAL BLUE C/COVER,Home Decor
84909A,PINK PAISLEY QUILT,Home Decor
85184B,SET 4 EASTER DECOUPAGE OVAL BOXES,Easter
22233,JIGSAW RABBIT AND BIRDHOUSE,Toys & Games
85018C,S/6 PAPER BOXES CURIOUS IMAGES,Gift Packaging
21343,GOLD JEWELERY BOX,Jewelry & Accessories
22316,200 BENDY SKULL STRAWS,Party Supplies
35973,GERANIUM FOLKART HEART DECORATION,Home Decor
90057,DIAMANTE RING ASSORTED IN BOX.,Jewelry & Accessories
35838B,S/6 SILVER ORNAMENETAL CANDLE,Candles & Fragrance
16168M,FUNKY MONKEY GIFT BAG MEDIUM,Gift Packaging
22217,T-LIGHT HOLDER HANGING LACE,Candles & Fragrance
35645,VINTAGE BEAD PINK JEWEL BOX,Jewelry & Accessories
82095,HEART BUTTONS JEWELLERY BOX,Jewelry & Accessories
17191A,ROSE FLOWER CANDLE+INCENSE 16X16CM,Candles & Fragrance
47341B,BLUE TABLE RUN FLOWER,Home Decor
85081,PADDED HOLLY CHRISTMAS DECORATION,Christmas
17129C,SKY BLUE COLOUR GLASS GEMS IN BAG,Home Decor
90214I,"LETTER ""I"" BLING KEY RING",Jewelry & Accessories
90214O,"LETTER ""O"" BLING KEY RING",Jewelry & Accessories
90214B,"LETTER ""B"" BLING KEY RING",Jewelry & Accessories
84575B,BROWN DOG CANNISTER W BONE,Kitchenware
35821B,"JEWELLED DECORATION,BLUE",Home Decor
35824B,"HANGING FLOWERS+MIRROR,BLUE",Home Decor
35610C,WHITE CHRISTMAS FLOCK DROPLET,Christmas
21850,BLUE  DIAMANTE PEN IN GIFT BOX,Stationery
21858,HIGH SCHOOL MUSICAL 3 TOP TRUMPS,Toys & Games
20932,PINK POT PLANT CANDLE,Candles & Fragrance
85110,BLACK SILVER FLOWER T-LIGHT HOLDER,Home Decor
85160A,WHITE BIRD GARDEN DESIGN MUG,Kitchenware
90039C,FIRE POLISHED GLASS BRACELET BLACK,Jewelry & Accessories
90186B,CRYSTAL HOOP EARRING FLORAL LEAF,Jewelry & Accessories
84951B,S/4 BLACK LOVEBIRD COASTERS,Kitchenware
72771B,BURG FLOCK GOLD CUP/CANDLE,Candles & Fragrance
84450B,YELLOW RABBIT SAT EASTER,Easter
46776C,WOVEN FROST CUSHION COVER,Home Decor
22236,CAKE STAND 3 TIER MAGIC GARDEN,Kitchenware
21366,MIRRORED WALL ART PHOTO FRAMES,Home Decor
90214Z,"LETTER ""Z"" BLING KEY RING",Jewelry & Accessories
16168S,FUNKY MONKEY GIFT BAG SMALL,Gift Packaging
21167,WHITE SAGE INCENSE,Candles & Fragrance
47597,NEW ENGLAND TEATOWELS,Kitchenware
16033,MINI HIGHLIGHTER PENS,Stationery
35837,SET OF SIX SILVER+RED FLOCK BAUBLES,Christmas
85230D,VANILLA SCENTED VOTIVE CANDLE,Candles & Fragrance
85230C,ROSE SCENTED VOTIVE CANDLE,Candles & Fragrance
20680,PINK FLOWERS CHILDS UMBRELLA,Baby & Kids
21096,SET/6 FRUIT SALAD  PAPER PLATES,Party Supplies
20952,PORCELAIN CHERUB BELL SMALL,Home Decor
90214F,"LETTER ""F"" BLING KEY RING",Jewelry & Accessories
90214E,"LETTER ""E"" BLING KEY RING",Jewelry & Accessories
85161,ACRYLIC GEOMETRIC LAMP,Lighting
90058A,CRYSTAL STUD EARRINGS CLEAR DISPLAY,Jewelry & Accessories
72789,BASKET/8 SCENTED LOVE TOKEN CANDLES,Candles & Fragrance
90210B,CLEAR ACRYLIC FACETED BANGLE,Jewelry & Accessories
90194,SILVER LARIAT BLACK STONE EARRINGS,Jewelry & Accessories
72708,SCULPTED ROUND IVORY CANDLE,Candles & Fragrance
16169G,WRAP ROMANTIC DECOUPAGE,Gift Packaging
21117,BLOND DOLL DOORSTOP,Home Decor
85062,PEARL CRYSTAL PUMPKIN T-LIGHT HLDR,Halloween
20663,QUEEN OF THE SKIES HOLIDAY PURSE,Bags & Luggage
84414B,FUSCHIA/GREEN STRIPE WOOLLY BLANKET,Home Decor
16051,TEATIME PENCIL W STAMP ASST,Stationery
85072,OCCASIONS GIFT CARD ASSORTMENT,Gift Packaging
90138,WHITE/PINK MINI CRYSTALS NECKLACE,Jewelry & Accessories
90137,PINK COMBO MINI CRYSTALS NECKLACE,Jewelry & Accessories
16119,FUNKY GIRL ADDRESS BOOK,Stationery
47552A,DOTS IRONING BOARD COVER,Home & Garden
47567B,TEA TIME KITCHEN APRON,Kitchenware
84815,SET OF 3 DANISH ROSE PLANTERS,Garden & Outdoors
72131,COLUMBIAN CANDLE RECTANGLE,Candles & Fragrance
22252,BIRDCAGE DECORATION MAGIC GARDEN,Home Decor
72728,ROSE SCENT CANDLES IN GLASS,Candles & Fragrance
20884,MODERN CHRISTMAS TREE CANDLE,Christmas
20877,MODERN CHRISTMAS BAUBLE CANDLE,Christmas
20881,MODERN CHRISTMAS TREE CANDLE,Christmas
22242,"HOOK, 5 HANGER , MAGIC TOADSTOOL",Hardware & Tools
90177C,DROP DIAMANTE EARRINGS CRYSTAL,Jewelry & Accessories
90177B,DROP DIAMANTE EARRINGS BLACK DIAMON,Jewelry & Accessories
90177D,DROP DIAMANTE EARRINGS PURPLE,Jewelry & Accessories
90177E,DROP DIAMANTE EARRINGS GREEN,Jewelry & Accessories
90177A,CLASSIC DIAMANTE EARRINGS JET,Jewelry & Accessories
90026C,GLASS BEAD HOOP NECKLACE GREEN,Jewelry & Accessories
90069,RUBY GLASS CLUSTER NECKLACE,Jewelry & Accessories
84876B,GREEN HEART COMPACT MIRROR,Personal Care
17090A,LAVENDER INCENSE 40 CONES IN TIN,Candles & Fragrance
85215,ASSORTED CHEESE FRIDGE MAGNETS,Home Decor
21758,VINTAGE SHELLS PRINT,Art & Posters
20848,ZINC HEART LATTICE CHARGER SMALL,Home Decor
20683,RAIN GIRL CHILDS UMBRELLA,Baby & Kids
84859C,PINK DISCO HANDBAG,Bags & Luggage
84859A,SILVER DISCO HANDBAG,Bags & Luggage
75131,METAL TUBE CHIME ON BAMBOO,Garden & Outdoors
85109,PINK BOUDOIR T-LIGHT HOLDER,Home Decor
84802A,WHITE ANEMONE ARTIFICIAL FLOWER,Home Decor
35607B,BLACK FEATHER CHRISTMAS DECORATION,Christmas
90001C,ANTIQUE OPAL WHITE FLOWER EARRINGS,Jewelry & Accessories
85069,CREAM SWEETHEART DOUBLE SHELF,Furniture
35607A,PINK FLUFFY CHRISTMAS DECORATION,Christmas
16207B,PINK HEART RED HANDBAG,Bags & Luggage
35936,CERISE+GOLD CHRISTMAS TREE DEC,Christmas
20939,ORANGE CANDLE,Candles & Fragrance
72785A,S/4 CONTEMPORY PINK ROSEBUD CANDLES,Candles & Fragrance
72785B,S/4 CONTEMPORY RED ROSEBUD CANDLES,Candles & Fragrance
21686,MEDINA STAMPED METAL STOOL,Furniture
84550,CROCHET LILAC/RED BEAR KEYRING,Jewelry & Accessories
21226,POCKET MIRROR WOODLAND,Jewelry & Accessories
21225,POCKET MIRROR BUTTERFLY,Jewelry & Accessories
16258A,SWIRLY CIRCULAR RUBBERS IN BAG,Stationery
37491C,GREEN/BLUE CERAMIC CANDLE HOLDER,Home Decor
75011,BLUE DAISY MOBILE,Baby & Kids
72801C,S/4 ROSE PINK DINNER CANDLES,Candles & Fragrance
46775E,CANDY POP CHUNKY KNITTED THROW,Home Decor
35911B,PINK/FLOWER RABBIT EGG WARMER,Home Decor
62097A,PINK STRIPES SHOULDER BAG,Bags & Luggage
72812,LARGE ZINC/GLASS CANDLEHOLDER,Home Decor
21473,SWEETHEART CREAM STEEL TABLE RECT,Furniture
90000C,OPAL WHITE/SILVER FLOWER NECKLACE,Jewelry & Accessories
90065B,BLACK VINT ART DEC CRYSTAL BRACELET,Jewelry & Accessories
90182C,BLACK 3 BEAD DROP EARRINGS,Jewelry & Accessories
90026B,GLASS BEAD HOOP NECKLACE MONTANA,Jewelry & Accessories
90212C,PURPLE LAS VEGAS BRACELET ROUND,Jewelry & Accessories
21317,GLASS SPHERE CANDLE STAND MEDIUM,Home Decor
62074B,ELEPHANT CLIP W SUCTION CUP,Baby & Kids
84876C,SILVER HEART COMPACT MIRROR,Jewelry & Accessories
35999,S/6 SCANDINAVIAN HEART T-LIGHT,Candles & Fragrance
90201A,PURPLE ENAMEL FLOWER RING,Jewelry & Accessories
20697,LITTLE GREEN MONSTER SOFT TOY,Toys & Games
17090D,VANILLA INCENSE 40 CONES IN TIN,Candles & Fragrance
85230A,OPIUM SCENTED VOTIVE CANDLE,Candles & Fragrance
72133,COLUMBIAN CANDLE RECTANGLE,Candles & Fragrance
72134,COLUMBIAN  CUBE CANDLE,Candles & Fragrance
72130,COLUMBIAN CANDLE ROUND,Candles & Fragrance
37489A,YELLOW/PINK FLOWER DESIGN BIG MUG,Kitchenware
85225,BLING KEY RING STAND,Home Decor
21441,BLUE BIRDHOUSE DECORATION,Garden & Outdoors
84711A,SILVER OVAL SHAPE TRINKET BOX,Home Decor
90140,PINK SWEETIE NECKLACE,Jewelry & Accessories
90146,FINE SILVER NECKLACE W PASTEL FLOWE,Jewelry & Accessories
90123A,PINK HEART OF GLASS BRACELET,Jewelry & Accessories
90060B,FIRE POLISHED GLASS NECKL GOLD,Jewelry & Accessories
22243,"HOOK, 5 HANGER ,MAGIC TOADSTOOL RED",Home & Garden
90214G,"LETTER ""G"" BLING KEY RING",Jewelry & Accessories
47369B,BLUE GREEN EMBROIDERY COSMETIC BAG,Bags & Luggage
72772,SET/4 SCENTED CANDLES IN RAMEKINS,Candles & Fragrance
35910A,MULTICOLOUR EASTER RABBIT,Easter
21716,BOYS VINTAGE TIN SEASIDE BUCKET,Toys & Games
21715,GIRLS VINTAGE TIN SEASIDE BUCKET,Toys & Games
37438,FUNKY FLOWER COFFEE POT,Kitchenware
46775D,SUNSET COLOUR CHUNKY KNITTED THROW,Home Decor
84921,CREAM AND PINK FLOWERS PONY,Toys & Games
22360,"GLASS JAR, ENGLISH CONFECTIONERY",Kitchenware
21190,PINK HEARTS PAPER GARLAND,Party Supplies
22247,BUNNY DECORATION MAGIC GARDEN,Home & Garden
22249,DECORATION WHITE CHICK MAGIC GARDEN,Home & Garden
22250,DECORATION  BUTTERFLY  MAGIC GARDEN,Home & Garden
85213,MINI  ZINC GARDEN DECORATIONS,Garden & Outdoors
71101A,ANGEL ON KNEES METAL POLE 100CM H,Garden & Outdoors
71101E,STANDING FAIRY POLE SUPPORT,Garden & Outdoors
20882,MODERN CHRISTMAS TREE CANDLE,Christmas
15030,FAN BLACK FRAME,Home Decor
72793,BLACK BOX MIRROR LANTERN,Lighting
35637A,IVORY STRING CURTAIN WITH POLE,Home Decor
16256C,HEARTS PENCIL/RUBBER+5 MINI PENCILS,Stationery
21416,CLAM SHELL LARGE,Home Decor
22268,EASTER DECORATION SITTING BUNNY,Easter
35597B,BLACKCHRISTMAS TREE 30CM,Christmas
84255A,PINK GLASS COCKTAIL LAMP,Lighting
21318,GLASS CHALICE BLUE SMALL,Kitchenware
18098B,BLUE PORCELAIN B'FLY OIL BURNER,Candles & Fragrance
37399,"ASS RETROSPOOF MUGS,SPORTS",Kitchenware
TEST001,This is a test product.,Miscellaneous
21202,DOLLY HONEYCOMB GARLAND,Party Supplies
37475,SET/4 COLOURFUL MIXING BOWLS,Kitchenware
21036,SET/2 TEA TOWELS MODERN VINTAGE,Kitchenware
17007B,S/3 POT POURI CUSHIONS BLUE COLOURS,Home Decor
84621,BLUE GINGHAM ROSE FLOOR CUSHION,Home Decor
84251C,"GREETING CARD, TWO SISTERS.",Stationery
22021,BLUE FELT EASTER EGG BASKET,Easter
85206B,PINK FELT EASTER EGG BASKET,Easter
90129A,PINK GLASS TASSLE BAG CHARM,Jewelry & Accessories
35001P,HAND OPEN SHAPE PINK,Home Decor
84824,DANISH ROSE UMBRELLA STAND,Home & Garden
44234,ASSORTED CIRCULAR MOBILE,Baby & Kids
18098A,PINK PORCELAIN B'FLY OIL BURNER,Candles & Fragrance
20858,SILVER PURSE GOLD PINK BUTTERFLY,Bags & Luggage
21298,EDWARDIAN 2 DRAWER WALL CABINET,Furniture
72750B,"F.FAIRY S/3 CANDLE/GLASS,LAVENDER",Candles & Fragrance
35980C,REDWHITE STRIPE SCANDINAVIAN HEART,Home Decor
21750,LARGE SKULL WINDMILL,Garden & Outdoors
17038,PORCELAIN BUDAH INCENSE HOLDER,Home Decor
21406,SPOTTY CAT DOORSTOP,Home Decor
21919,Electronic Talking Breath-A-Loser,Toys & Games
35818C,"ACRYLIC JEWEL ICICLE, CLEAR",Jewelry & Accessories
48175,DOOR MAT CAMOUFLAGE,Home & Garden
85091,CANDY SPOT BREAD BASKETS,Kitchenware
90018A,SILVER M.O.P ORBIT DROP EARRINGS,Jewelry & Accessories
90018C,SILVER BLACK ORBIT DROP EARRINGS,Jewelry & Accessories
90027C,GLASS BEAD HOOP EARRINGS GREEN,Jewelry & Accessories
90038B,GLASS AND PAINTED BEADS BRACELET OL,Jewelry & Accessories
90054,CRACKED GLAZE EARRINGS RED,Jewelry & Accessories
90077,BLACK DIAMOND CLUSTER EARRINGS,Jewelry & Accessories
90178B,PURPLE CHUNKY GLASS+BEAD NECKLACE,Jewelry & Accessories
90198A,VINTAGE ROSE BEAD BRACELET RASPBERR,Jewelry & Accessories
90211A,DIAMOND LAS VEGAS NECKLACE 45CM,Jewelry & Accessories
DCGS0072,CAT CAMOUFLAGUE COLLAR,Pet Items
22188,BLACK HEART CARD HOLDER,Home Decor
47594A,CAROUSEL DESIGN WASHBAG,Bags & Luggage
79144C,PAINTED LIGHTBULB RAINBOW DESIGN,Lighting
84856S,SMALL TAHITI BEACH BAG,Bags & Luggage
84870C,GREEN GEISHA GIRL,Home Decor
84931B,BLUE SCOTTIE DOG W FLOWER PATTERN,Home Decor
85167B,BLACK GRAND BAROQUE PHOTO FRAME,Home Decor
85169D,PINK LOVE BIRD CANDLE,Candles & Fragrance
85190,PINK FLOWER HANGING HEART,Home Decor
85202,HANGING WOOD AND FELT HEART,Home Decor
85204,HANGING WOOD AND FELT FLOWER,Home Decor
90037A,TINY CRYSTAL BRACELET RED,Jewelry & Accessories
90037C,TINY CRYSTAL BRACELET BLUE,Jewelry & Accessories
gift_0001_80,Dotcomgiftshop Gift Voucher £80.00,Gift Packaging
20821,GOLDIE LOOKING MIRROR,Home Decor
17011C,ORIGAMI LAVENDER INCENSE+FLOWER,Candles & Fragrance
20846,ZINC HEART LATTICE T-LIGHT HOLDER,Home Decor
21718,RED METAL BEACH SPADE,Garden & Outdoors
22137,BATHROOM SET LOVE HEART DESIGN,Bathroom
35819B,"ACRYLIC HANGING JEWEL,BLUE",Home Decor
84797B,BLUE SAVANNAH PICNIC HAMPER FOR 4,Home & Garden
85160B,BLACK BIRD GARDEN DESIGN MUG,Kitchenware
90143,SILVER BRACELET W PASTEL FLOWER,Jewelry & Accessories
21132,SILVER STANDING GNOME,Home & Garden
22264,FELT FARM ANIMAL WHITE BUNNY,Toys & Games
45016,DECORATIVE NET CANOPY LEOPARD,Home Decor
47367B,PAIR PADDED HANGERS PINK CHECK,Storage
47586A,PINK FAIRY CAKE CUSHION COVER,Home Decor
84637,KITCHEN FLOWER POTS WALL PLAQUE,Home Decor
84847,FLORAL BATHROOM SET,Bathroom
90122C,TURQUOISE CRYSTAL+GLASS BRACELET,Jewelry & Accessories
90176C,DIAMANTE NECKLACE,Jewelry & Accessories
gift_0001_20,Dotcomgiftshop Gift Voucher £20.00,Gift Packaging
47589,CONGRATULATIONS BUNTING,Party Supplies
21702,SET 5 MINI GATEAUX  FRIDGE MAGNETS,Kitchenware
21699,SET 5 MINI CHOCOLATE FRIDGE MAGNETS,Kitchenware
84570B,WHITE SATIN DRESS JEWEL STAND,Home Decor
48138,DOOR MAT UNION FLAG,Home & Garden
84782B,BLACK 3 TIER GLASS PLATE STAND,Kitchenware
90082B,DIAMANTE BOW BROOCH RED COLOUR,Jewelry & Accessories
90004A,JADE GREEN PAIR ENAMEL HAIR SLIDES,Jewelry & Accessories
20664,TROPICAL HOLIDAY PURSE,Jewelry & Accessories
85129B,BEADED CRYSTAL HEART GREEN SMALL,Home Decor
85030,FRENCH CHATEAU OVAL PLATTER,Kitchenware
85141,JARDIN ETCHED GLASS FRUITBOWL,Kitchenware
84595B,LARGE TRIFLE DESIGN L BLUE BOWL,Kitchenware
84313A,PINK TV TRAY TABLE,Furniture
21088,SET/6 FRUIT SALAD PAPER CUPS,Kitchenware
85119,WATERING CAN SINGLE HOOK PISTACHIO,Garden & Outdoors
35937,CERISE+GOLD CHRISTMAS STOCKING DEC,Christmas
85094,CANDY SPOT EGG WARMER RABBIT,Kitchenware
90001A,ANTIQUE RASPBERRY FLOWER EARRINGS,Jewelry & Accessories
90031,BILI NUT AND WOOD NECKLACE,Jewelry & Accessories
90176D,DIAMANTE NECKLACE PURPLE,Jewelry & Accessories
21442,GREEN BIRDHOUSE DECORATION,Home & Garden
90202D,PINK ENAMEL FLOWER HAIR TIE,Jewelry & Accessories
DCGS0044,HANDZ-OFF CAR FRESHENER,Miscellaneous
17011D,ORIGAMI ROSE INCENSE+FLOWER,Candles & Fragrance
37491A,YELLOW/PINK CERAMIC CANDLE HOLDER,Home Decor
84529A,PINK KNITTED KIDS RUCKSACK,Baby & Kids
84529C,YELLOW KNITTED KIDS RUCKSACK,Baby & Kids
47583B,SET OF 3 WICKER BASKET TEA AND CAKE,Kitchenware
90141B,IVORY PENDANT TRIPLE SHELL NECKLACE,Jewelry & Accessories
90199A,5 STRAND GLASS NECKLACE BLACK,Jewelry & Accessories
35816B,"ACRYLIC JEWEL ANGEL,BLUE",Home Decor
84609,TALL ROCOCO CANDLE HOLDER,Home Decor
85018B,S/6 PAPER BOXES BLOSSOM IMAGES,Gift Packaging
85018A,S/6 PAPER BOXES ROMANTIC IMAGES,Gift Packaging
35963,FOLKART ZINC CLIP ON ANGEL WINGS,Home Decor
21090,SET/6 COLLAGE PAPER PLATES,Party Supplies
84631,FRUIT TREE AND BIRDS WALL PLAQUE,Home Decor
90129F,RED GLASS TASSLE BAG CHARM,Jewelry & Accessories
90129D,AMBER GLASS TASSLE BAG CHARM,Jewelry & Accessories
90129E,PURPLE GLASS TASSLE BAG CHARM,Jewelry & Accessories
21001,ROSE DU SUD WASHBAG,Bags & Luggage
35652,VINTAGE BEAD CHAISE LONG JEWEL BOX,Home Decor
17011E,ORIGAMI OPIUM SCENT INCENSE+FLOWER,Candles & Fragrance
17011F,ORIGAMI SANDLEWOOD INCENSE+FLOWER,Candles & Fragrance
17012E,ORIGAMI OPIUM INCENSE/CANDLE SET,Candles & Fragrance
17013C,ORIGAMI LAVENDER INCENSE IN TUBE,Candles & Fragrance
84616,SILVER ROCCOCO CHANDELIER,Lighting
16043,POP ART PUSH DOWN RUBBER,Toys & Games
84450A,PINK RABBIT SITTING EASTER,Easter
85189,HANGING BUTTERFLY  EGG,Home & Garden
21209,MULTICOLOUR HONEYCOMB FAN,Home Decor
47013A,WINE BOTTLE DRESSING LT.BLUE,Home Decor
84927F,PSYCHEDELIC TILE HOOK,Hardware & Tools
90016B,GOLD/M.O.P PENDANT ORBIT NECKLACE,Jewelry & Accessories
21208,PASTEL COLOUR HONEYCOMB FAN,Home Decor
84905,PINK BUTTERFLY C/COVER,Home Decor
21030,SPACE CADET RED,Toys & Games
82069,BEECH WOOD P/FRAME,Home Decor
16052,TEATIME PUSH DOWN RUBBER,Toys & Games
21038,SET/4 MODERN VINTAGE COTTON NAPKINS,Kitchenware
84876D,BLUE HEART COMPACT MIRROR,Personal Care
90182B,AMETHYST 3 BEAD DROP EARRINGS,Jewelry & Accessories
21503,TOYBOX  WRAP,Gift Packaging
51020A,SUMMER FUN DESIGN SHOWER CAP,Bathroom
84942,KASHMIR FOLKART HEART DISHES,Kitchenware
90003E,GREEN PAIR HEART HAIR SLIDES,Jewelry & Accessories
21475,SWEETHEART CREAM STEEL FOLDIN CHAIR,Furniture
35974,S/6 CHRISTMAS TREE PLACE SETTING,Christmas
35930,PINK HEART CHRISTMAS DECORATION,Christmas
20802,SMALL GLASS SUNDAE DISH CLEAR,Kitchenware
90059F,DIAMANTE HAIR GRIP PACK/2 LT ROSE,Jewelry & Accessories
90124C,GREEN MURANO TWIST NECKLACE,Jewelry & Accessories
90132,LIGHT TOPAZ TEAL/AQUA COL NECKLACE,Jewelry & Accessories
84499,BLACK FLOWER CANDLE PLATE,Home Decor
84661B,BLACK SQUARE TABLE CLOCK,Home Decor
85131B,BEADED CRYSTAL HEART GREEN ON STICK,Home Decor
22266,EASTER DECORATION HANGING BUNNY,Easter
84706A,ENGLISH ROSE TABLE CLOCK,Home Decor
84732D,CUTE RABBIT CEATURE SCREEN,Home & Garden
84732B,CUTE BIRD CEATURE SCREEN,Home & Garden
21128,GOLD FISHING GNOME,Garden & Outdoors
21496,WOODLAND CREATURES  WRAP,Gift Packaging
20820,SILVER LOOKING MIRROR,Home Decor
37352,BIRD IN TREE MUG,Kitchenware
20759,CHRYSANTHEMUM POCKET BOOK,Stationery
90206A,GOLD DIAMANTE STAR BROOCH,Jewelry & Accessories
22221,CAKE STAND LOVEBIRD 2 TIER PINK,Kitchenware
35001B,HAND OPEN SHAPE BLACK,Home Decor
21095,SET/6 POSIES PAPER PLATES,Party Supplies
72781,BLACK SILOUETTE CANDLE PLATE,Home Decor
90020,FILIGREE DIAMANTE CHAIN,Jewelry & Accessories
90043,COPPER AND BRASS BAG CHARM,Bags & Luggage
85145,JARDIN ETCHED GLASS LARGE BELL JAR,Home Decor
20667,CHERRY BLOSSOM PURSE,Bags & Luggage
85131D,BEADED CRYSTAL HEART PINK\ON STICK,Home Decor
47343A,FUSCHIA FLOWER PURSE WITH BEADS,Bags & Luggage
47344B,BLUE FLOWER DES PURSE,Bags & Luggage
71510,SQUARE METAL CANDLEHOLDER BASE,Home Decor
90199D,5 STRAND GLASS NECKLACE AMBER,Jewelry & Accessories
22251,BIRDHOUSE DECORATION MAGIC GARDEN,Garden & Outdoors
84801B,WHITE HYDRANGEA ART FLOWER,Art & Posters
84877A,PINK ROUND COMPACT MIRROR,Personal Care
84856L,LARGE TAHITI BEACH BAG,Bags & Luggage
90191,SILVER LARIAT 40CM,Jewelry & Accessories
90079,VINTAGE ENAMEL & CRYSTAL NECKLACE,Jewelry & Accessories
90064B,BLACK VINTAGE  CRYSTAL EARRINGS,Jewelry & Accessories
72225D,VANILLA SCENT CAKE CANDLE,Candles & Fragrance
72225C,LAVENDER SCENT CAKE CANDLE,Candles & Fragrance
35603B,S/16 BLACK SHINY/MAT BAUBLES,Christmas
44091C,MULTICOLOUR CRUSOE CHECK LAMPSHADE,Lighting
21525,BEWARE OF THE CAT DOORMAT,Home & Garden
TEST002,This is a test product.,Miscellaneous
35915B,BLUE KNITTED HEN,Baby & Kids
35915A,CREAM KNITTED HEN,Baby & Kids
84748,FOLK FELT HANGING MULTICOL GARLAND,Home Decor
40002,WHITE BAMBOO RIBS LAMPSHADE,Lighting
71270,PHOTO CLIP LINE,Home Decor
84838,ANT WHITE HIGH RISE BIRD BOX,Garden & Outdoors
44092C,PURPLE/COPPER HANGING LAMPSHADE,Lighting
48103,DOOR MAT KISS MY.......,Home & Garden
84689,S/2 BEACH HUT TREASURE CHESTS,Toys & Games
20840,FRENCH FLORAL CUSHION COVER,Home Decor
84657,GREEN ROSE CUSHION COVER,Home Decor
35980B,RED TOP SCANDINAVIAN HEART,Home Decor
22092,BLUE PAISLEY TISSUE BOX,Home Decor
72129,COLUMBIAN CANDLE ROUND,Candles & Fragrance
35598C,WHITE CHRISTMAS TREE 60CM,Christmas
40003,WHITE BAMBOO RIBS LAMPSHADE,Lighting
79403,FROSTED WHITE BASE,Home Decor
90016A,SILVER/M.O.P PENDANT ORBIT NECKLACE,Jewelry & Accessories
90098,NECKLACE+BRACELET PINK BUTTERFLY,Jewelry & Accessories
90126B,BLUE BERTIE MOBILE PHONE CHARM,Jewelry & Accessories
90126C,AMBER BERTIE MOBILE PHONE CHARM,Jewelry & Accessories
90128C,GREEN LEAVES AND BEADS PHONE CHARM,Jewelry & Accessories
90201D,GREEN ENAMEL FLOWER RING,Jewelry & Accessories
16192,PINK BALLET OPENING CUBE BOX,Toys & Games
gift_0001_10,Dotcomgiftshop Gift Voucher £10.00,Gift Packaging
21119,Glow In The Dark Shot Glasses,Kitchenware
21374,MIRRORED WALL ART SKULLS,Home Decor
37468,HARDMAN MUG 3 ASSORTED,Kitchenware
84660A,WHITE STITCHED WALL CLOCK,Home Decor
84706D,CHERRY BLOSSOM TABLE CLOCK,Home Decor
90036F,"FLOWER GLASS GARLD NECKL36""TURQUOIS",Jewelry & Accessories
90038C,GLASS AND BEADS BRACELET IVORY,Jewelry & Accessories
90039A,FIRE POLISHED GLASS BRACELET RED,Jewelry & Accessories
90130A,WHITE STONE/CRYSTAL EARRINGS,Jewelry & Accessories
gift_0001_50,Dotcomgiftshop Gift Voucher £50.00,Gift Packaging
84858C,PINK RIVIERA HANDBAG,Bags & Luggage
35945,GOLD CHRISTMAS STOCKING DECORATION,Christmas
84422,PINK/BLUE DISC/MIRROR STRING,Home Decor
84563B,BLUE & WHITE BREAKFAST TRAY,Kitchenware
72132,COLUMBIAN CUBE CANDLE,Candles & Fragrance
84816,DANISH ROSE BEDSIDE CABINET,Furniture
46307,ROSES BLUE BASE CUSHION COVER,Home Decor
21002,ROSE DU SUD DRAWSTRING BAG,Bags & Luggage
17013F,ORIGAMI SANDLEWOOD INCENSE IN TUBE,Candles & Fragrance
17011A,ORIGAMI VANILLA INCENSE+FLOWER,Candles & Fragrance
84821,DANISH ROSE DELUXE COASTER,Kitchenware
84865,NEW BAROQUE BLACK PHOTO ALBUM,Home Decor
90103,PURPLE FRANGIPANI NECKLACE,Jewelry & Accessories
85077,KISSING REINDEER TABLE RUNNER,Christmas
85163B,BLACK BAROQUE WALL CLOCK,Home Decor
37471,MULTICOLOUR DOTS PLATE,Kitchenware
35922,EASTER BUNNY WREATH,Easter
72755C,FLOWER FAIRY OIL BURNER SET ROSE,Candles & Fragrance
84247H,PACK/12 DECOUPAGE CARD,Stationery
22039,BOTANICAL LILY GIFT WRAP,Gift Packaging
22038,BOTANICAL LAVENDER GIFT WRAP,Gift Packaging
20885,BOX OF 3 PEBBLE CANDLES,Candles & Fragrance
84924F,PSYCHEDELIC METAL SIGN CALENDAR,Home Decor
90160C,TURQ+RED BOUDICCA LARGE BRACELET,Jewelry & Accessories
90183B,AMETHYST DROP EARRINGS W LONG BEADS,Jewelry & Accessories
37494a,FAIRY CAKE CERAMIC BUTTER DISH,Kitchenware
84406b,CREAM CUPID HEARTS COAT HANGER,Home & Garden
72807b,SET/3 OCEAN SCENT CANDLE JEWEL BOX,Candles & Fragrance
85232b,SET/3 RUSSIAN DOLL STACKING TINS,Kitchenware
85159b,"WHITE TEA,COFFEE,SUGAR JARS",Kitchenware
DCGS0066N,NAVY CUDDLES DOG HOODIE,Pet Items
37351,ORANGE FLOWER MUG,Kitchenware
47567b,TEA TIME KITCHEN APRON,Kitchenware
85124b,BLUE JUICY FRUIT PHOTO FRAME,Home Decor
85184c,S/4 VALENTINE DECOUPAGE HEART BOX,Gift Packaging
79051a,SMOKEY GREY COLOUR D.O.F. GLASS,Kitchenware
85114a,BLACK ENCHANTED FOREST PLACEMAT,Home Decor
37482b,CUBIC MUG BLUE POLKA DOT,Kitchenware
79302m,"ART LIGHTS,FUNK MONKEY",Lighting
84509a,ENGLISH ROSE PLACEMATS,Home Decor
84912a,PINK ROSE WASHBAG,Bags & Luggage
85123b,ZINC HANGING HEART T-LITE HLDR,Candles & Fragrance
84029c,BROWN FURRY HOT WATER BOTTLE,Home & Garden
90052,CRACKED GLAZE NECKLACE BROWN,Jewelry & Accessories
21369,MIRRORED WALL ART SPLODGES,Home Decor
21290,LARGE SPOTTY CHOCOLATE GIFT BAG,Gift Packaging
90123C,GREEN HEART OF GLASS BRACELET,Jewelry & Accessories
90201C,RED ENAMEL FLOWER RING,Jewelry & Accessories
gift_0001_30,Dotcomgiftshop Gift Voucher £30.00,Special_Code
90058B,CRYSTAL STUD EARRINGS ASSORTED COL,Jewelry & Accessories
46776E,WOVEN CANDY CUSHION COVER,Home Decor
79337,BLUE FLOCK GLASS CANDLEHOLDER,Candles & Fragrance
21420,OYSTER TRINKET BOX,Home Decor
84292B,BLUE COL METAL FOLDING CHAIR,Furniture
85043,RED HEART CANDY POP LIGHTS,Lighting
22365,DOORMAT RESPECTABLE HOUSE,Home & Garden
22366,DOORMAT AIRMAIL,Home & Garden
35654,VINTAGE BEAD FILLED PINK CUSHION,Home Decor
85130C,BEADED CRYSTAL HEART BLUE  LARGE,Home Decor
84614C,BLUE BAROQUE FLOCK CANDLE HOLDER,Candles & Fragrance
21772,VINTAGE METAL CAKE STAND CREAM,Kitchenware
84804B,BLUE DELPHINIUM ARTIFICIAL FLOWER,Home & Garden
84801A,PINK HYDRANGEA ART FLOWER,Home & Garden
84798A,PINK FOXGLOVE ARTIIFCIAL FLOWER,Home & Garden
84798C,WHITE FOXGLOVE ARTIIFCIAL FLOWER,Home & Garden
85194S,HANGING SPRING FLOWER EGG SMALL,Garden & Outdoors
21363,HOME SMALL WOOD LETTERS,Home Decor
85019A,ROMANTIC IMAGES NOTEBOOK SET,Stationery
90096,NECKLACE+BRACELET SET BLUE BLOSSOM,Jewelry & Accessories
84967B,BLUE KASHMIRI OCCASIONAL TABLE,Furniture
20850,ZINC HEART LATTICE PLANTER BOWL,Garden & Outdoors
47574B,ENGLISH ROSE SCENTED HANGING HEART,Candles & Fragrance
84974,S/2 ZINC HEART DESIGN PLANTERS,Garden & Outdoors
22358,KINGS CHOICE TEA CADDY,Kitchenware
22357,KINGS CHOICE BISCUIT TIN,Kitchenware
84803A,PINK ALLIUM  ARTIFICIAL FLOWER,Home Decor
84807,RED POPPY ARTIFICIAL FLOWER,Home Decor
35912B,WHITE/PINK CHICK DECORATION,Easter
35913B,WHITE/PINK CHICK EASTER DECORATION,Easter
35910B,PINK FLOWERS RABBIT EASTER,Easter
20715,LITTLE FLOWER SHOPPER BAG,Bags & Luggage
84805B,BLUE CLIMBING HYDRANGA ART FLOWER,Home Decor
84798B,PURPLE FOXGLOVE ARTIIFCIAL FLOWER,Home Decor
62096A,PINK/YELLOW FLOWERS HANDBAG,Clothing & Shoes
84611B,BLACK NEW BAROQUE FLOCK BOX,Storage
16054,POPART RECT PENCIL SHARPENER ASST,Stationery
16044,POP-ART FLUORESCENT PENS,Stationery
16053,POPART COL BALLPOINT PEN ASST,Stationery
16045,POPART WOODEN PENCILS ASST,Stationery
22326,"ROUND SNACK BOXES ,SET4, WOODLAND",Kitchenware
22328,"ROUND SNACK BOXES ,SET 4, FRUITS",Kitchenware
21562,HAWAIIAN GRASS SKIRT,Clothing & Shoes
84917,WHITE HAND TOWEL WITH BUTTERFLY,Bathroom
84867A,PINK BABY GIRLS PHOTO ALBUM,Baby & Kids
20794,BLUE  TILE HOOK,Hardware & Tools
84612B,SET/4 BLACK  BAROQUE FLOCK COASTER,Home Decor
84464,S/60 PINK FLUFFY CHICKS IN BOX,Easter
84984A,GREEN PEONY DES C/COVER,Home Decor
84984B,RED PEONY DES C/COVER,Home Decor
21393,BLUE  SPOTTY PUDDING BOWL,Kitchenware
22329,ROUND CONTAINER SET OF 5 RETROSPOT,Storage
22367,CHILDS APRON SPACEBOY DESIGN,Baby & Kids
22414,DOORMAT NEIGHBOURHOOD WITCH,Home & Garden
22327,ROUND SNACK BOXES SET OF 4 SKULLS,Kitchenware
16156L,"WRAP, CAROUSEL",Gift Packaging
37462E,"PET MUG, GOLDFISH",Kitchenware
90130D,RED STONE/CRYSTAL EARRINGS,Jewelry & Accessories
16254,TRANSPARENT ACRYLIC TAPE DISPENSER,Stationery
90016C,SILVER/BLACK PENDANT ORBIT NECKLACE,Jewelry & Accessories
90122A,PINK CRYSTAL+GLASS BRACELET,Jewelry & Accessories
84313C,ORANGE TV TRAY TABLE,Furniture
21857,STAR WARS TOP TRUMPS GAME,Toys & Games
37479B,CUBIC MUG FLOCK BLUE ON BROWN,Kitchenware
84455,SET OF 3 RABBIT CARROTS EASTER,Easter
84653,GREEN ROSE QUILT,Home Decor
85130B,BEADED CRYSTAL HEART GREEN LARGE,Jewelry & Accessories
90025F,BAROQUE BUTTERFLY EARRINGS CRYSTAL,Jewelry & Accessories
90055,CRACKED GLAZE EARRINGS BROWN,Jewelry & Accessories
90123B,TURQUOISE HEART OF GLASS BRACELET,Jewelry & Accessories
84437A,S/6 PINK EASTER DECS IN BOX,Easter
84509E,CAROUSEL PLACEMATS,Home Decor
84510E,SET OF 4 GREEN CAROUSEL COASTERS,Kitchenware
85092,CANDY SPOT TEA COSY,Kitchenware
85205B,PINK FELT EASTER RABBIT GARLAND,Easter
90156,RESIN BRACELET W PASTEL BEADS,Jewelry & Accessories
20800,LARGE GLASS SUNDAE DISH CLEAR,Kitchenware
21454,PAINTED PINK RABBIT,Toys & Games
37491B,BLUE/YELLOW CERAMIC CANDLE HOLDER,Home Decor
37330,SPOTS MUG,Kitchenware
47599B,BLUE PARTY BAGS,Party Supplies
85188B,PINK METAL SWINGING BUNNY,Toys & Games
72606A,BROWN ANTIQUE CUBE CANDLE,Candles & Fragrance
47583A,SET OF 3 WICKER BASKET ROSE,Home & Garden
90053,CRACKED GLAZE EARRINGS IVORY,Jewelry & Accessories
37326,FAIRY DESIGN MUGS,Kitchenware
72740B,LARGE WHITE CHOCOLATE CANDLE,Candles & Fragrance
21386,IVORY HANGING DECORATION  EGG,Easter
84247N,PACK/12 BLUE FOLKART CARDS,Stationery
81952B,ROUND BLUE CLOCK W/SUCKER,Home Decor
20891,LARGE GLASS ROSE SCENTED CANDLE,Candles & Fragrance
90039B,FIRE POLISHED GLASS BRACELET MONTAN,Jewelry & Accessories
84925F,PSYCHEDELIC WALL THERMOMETER,Home Decor
90013D,PURPLE VINTAGE EARRINGS,Jewelry & Accessories
44235,ASS COL CIRCLE MOBILE,Baby & Kids
21759,METAL WALL SHELF UNIT WITH HOOKS,Furniture
90082C,DIAMANTE BOW BROOCH WHITE COLOUR,Jewelry & Accessories
85187,S/12 MINI RABBIT EASTER,Easter
90001B,ANTIQUE MID BLUE FLOWER EARRINGS,Jewelry & Accessories
90064A,WHITE VINTAGE CRYSTAL EARRINGS,Jewelry & Accessories
90160A,PURPLE BOUDICCA LARGE BRACELET,Jewelry & Accessories
21653,GLASS ETCHED T-LIGHT HOLDER LARGE,Home Decor
15058B,PINK WHITE SPOTS GARDEN PARASOL,Garden & Outdoors
85157,SET OF 2 CHESTS CHOCOLAT AU LAIT,Food & Beverage
35637C,PINK STRING CURTAIN WITH POLE,Home Decor
17014D,ORIGAMI ROSE INCENSE CONES,Candles & Fragrance
90076,MONTANA DIAMOND CLUSTER EARRINGS,Jewelry & Accessories
84599,CANDY STRIPE ROSE FLOOR CUSHION,Furniture
37489D,PINK/GREEN FLOWER DESIGN BIG MUG,Kitchenware
37409,ASSORTED DESIGN FLOWER MUGS,Kitchenware
84766,SILVER ROCOCO CANDLE STICK,Home Decor
82545A,COGNAC AUX OEUFS METAL 1 HOOK,Hardware & Tools
85218,S/5 MINI ICE CREAM FRIDGE MAGNETS,Home Decor
20791,BLUE TILED SET OF 3 DRAWERS,Furniture
84849D,HOT BATHS SOAP HOLDER,Bathroom
84033,FLAG OF ST GEORGE,Home & Garden
22106,MIRROR MOSAIC HURRICANE LAMP,Lighting
85232C,RUSSIAN FOLKART STACKING TINS,Kitchenware
21089,SET/6 GREEN SPRING PAPER CUPS,Party Supplies
21097,SET/6 GREEN SPRING  PAPER PLATE,Party Supplies
90108,BLUE BLOSSOM HAIR CLIP,Jewelry & Accessories
16010,FOLDING CAMPING SCISSOR W/KNIF & S,Sports & Outdoors
20787,BLUE RETRO BAR STOOL,Furniture
20698,LITTLE PINK MONSTER SOFT TOY,Toys & Games
72796C,S/3 ROSE GARDEN SCENT SQU CANDLE,Candles & Fragrance
85027L,FRENCH CHATEAU LARGE PLATTER,Kitchenware
78026,SEAGRASS S/3 SQU LAUNDRY BOX,Storage
84458,S/3 RABBIT FLOWER/EGG/CARROT ROPE,Garden & Outdoors
20801,LARGE PINK GLASS SUNDAE DISH,Kitchenware
90189A,SILVER 2 STRAND NECKLACE-LEAF CHARM,Jewelry & Accessories
21409,SPOTTY COCKEREL DOORSTOP,Home Decor
85023C,PINK LARGE JEWELED PHOTOFRAME,Home Decor
90036B,"FLOWER GLASS GARLAND NECKL.36""GREEN",Home Decor
90059B,DIAMANTE HAIR GRIP PACK/2 BLACK DIA,Jewelry & Accessories
90183A,AMBER DROP EARRINGS W LONG BEADS,Jewelry & Accessories
62094B,TURQ ICE CREAM BUM BAG,Bags & Luggage
21476,STEEL SWEETHEART ROUND TABLE CREAM,Furniture
84966B,BLUE KASHMIRI BOXED MIRROR,Home Decor
84966A,PINK KASHMIRI BOXED MIRROR,Home Decor
47469,ASSORTED SHAPES PHOTO CLIP SILVER,Home Decor
84800L,LARGE WHITE/PINK ROSE ART FLOWER,Home Decor
84804A,CREAM DELPHINIUM ARTIFICIAL FLOWER,Home Decor
PADS,PADS TO MATCH ALL CUSHIONS,Special_Code
16161G,WRAP BAD HAIR DAY,Personal Care
85024B,EAU DE NILE JEWELLED PHOTOFRAME,Home Decor
84820,DANISH ROSE TRINKET TRAYS,Home Decor
90141D,ROSE PENDANT TRIPLE SHELL NECKLACE,Jewelry & Accessories
21793,CLASSIC FRENCH STYLE BASKET BROWN,Home & Garden
21792,CLASSIC FRENCH STYLE BASKET GREEN,Home & Garden
84567,FROSTED GLASS WITH SILVER SURROUND,Home Decor
90019B,GOLD M.O.P ORBIT BRACELET,Jewelry & Accessories
90157,RIVIERA NECKLACE,Jewelry & Accessories
22257,FELT FARM ANIMAL SHEEP,Toys & Games
79301,FEATHER HEART LIGHTS,Lighting
84630,FLOWERS AND BIRDS WALL PLAQUE,Home Decor
90032,IVORY SHELL HEART NECKLACE,Jewelry & Accessories
17014F,ORIGAMI SANDLEWOOD INCENSE CONES,Candles & Fragrance
84799,SPRIG LAVENDER ARTIFICIAL FLOWER,Home Decor
20890,SMALL GLASS ROSE SCENTED CANDLE,Candles & Fragrance
21474,SWEETHEART CREAM STEEL FOLDIN BENCH,Furniture
35921,EASTER BUNNY HANGING GARLAND,Easter
20786,BLACK RETRO BAR STOOL,Furniture
20785,FUSCHIA RETRO BAR STOOL,Furniture
85032B,BLOSSOM IMAGES GIFT WRAP SET,Gift Packaging
17021,NAMASTE SWAGAT INCENSE,Candles & Fragrance
22380,TOY TIDY SPACEBOY,Storage
22383,LUNCHBAG SUKI  DESIGN,Bags & Luggage
22382,LUNCHBAG SPACEBOY DESIGN,Bags & Luggage
44236,PINK/PURPLE CIRCLE CURTAIN,Home Decor
15058A,BLUE WHITE SPOTS GARDEN PARASOL,Garden & Outdoors
15058C,ICE CREAM DESIGN GARDEN PARASOL,Garden & Outdoors
90128A,PINK LEAVES AND BEADS PHONE CHARM,Jewelry & Accessories
90162D,ANT SILVER PURPLE BOUDICCA RING,Jewelry & Accessories
90162A,ANT SILVER TURQUOISE BOUDICCA RING,Jewelry & Accessories
90128B,BLUE LEAVES AND BEADS PHONE CHARM,Jewelry & Accessories
22381,TOY TIDY PINK RETROSPOT,Storage
84231,EASTER BUNNY WITH BASKET ON BACK,Easter
84457,SET/3 RABBITS FLOWER SKIPPPING ROPE,Sports & Outdoors
22259,FELT FARM ANIMAL HEN,Toys & Games
84806A,PINK CANDYSTUFT ARTIFICIAL FLOWER,Home Decor
90102,WHITE FRANGIPANI HAIR CLIP,Jewelry & Accessories
22384,LUNCHBAG PINK RETROSPOT,Bags & Luggage
22379,RECYCLING BAG RETROSPOT,Storage
35638A,PINK AND BLACK STRING CURTAIN,Home Decor
22378,WALL TIDY RETROSPOT,Home Decor
44241C,BLUE BUTTERFLY ON SPRING,Garden & Outdoors
84030b,KNITTED POM POM HOT WATER BOTTLE,Personal Care
84596e,SMALL LICORICE DES PINK BOWL,Food & Beverage
72801d,S/4 SKY BLUE DINNER CANDLES,Candles & Fragrance
84993b,75 BLACK PETIT FOUR CASES,Party Supplies
84989b,75 BLACK FAIRY CAKE CASES,Party Supplies
84993a,75 GREEN PETIT FOUR CASES,Kitchenware
21087,SET/6 POSIES PAPER CUPS,Party Supplies
84867b,BLUE BABY BOY'S PHOTO ALBUM,Baby & Kids
21394,RED SPOTTY BEAKER,Kitchenware
79303A,WHITE ROHMBIC BLOCK TABLE LAMP,Lighting
22377,BOTTLE BAG RETROSPOT,Bags & Luggage
84868A,PINK BABY GIRL'S MEMORY BOX,Baby & Kids
84868B,BLUE BABY BOY'S MEMORY BOX,Baby & Kids
47518F,ICON PLACEMAT POP ART ELVIS,Home Decor
71434B,"BLACK RND BULLET""KEEP CLEAN"" BIN",Home & Garden
46000R,POLYESTER FILLER PAD 45x30cm,Sewing & Craft
ADJUST,Adjustment by john on 26/01/2010 16,Miscellaneous
48173A,DOOR MAT BLUE FLOCK,Home & Garden
90050,CRACKED GLAZE NECKLACE IVORY,Jewelry & Accessories
90179A,AMBER FINE BEAD NECKLACE W TASSEL,Jewelry & Accessories
90181A,AMBER GLASS/SHELL/PEARL NECKLACE,Jewelry & Accessories
84809B,PINK CHRYSANTHEMUMS ART FLOWER,Home Decor
84809A,WHITE CHRYSANTHEMUMS ART FLOWER,Home Decor
35822B,"ACRYLIC BEAD CHAIN, BLUE",Jewelry & Accessories
35822P,"ACRYLIC BEAD CHAIN, PINK",Jewelry & Accessories
21794,CLASSIC FRENCH STYLE BASKET NATURAL,Home & Garden
78033,FLAG OF ST GEORGE CHAIR,Furniture
35920,FOUR RABBIT EASTER DECORATIONS,Easter
84447,6 RABBIT CHAIN EASTER,Easter
37491D,PURPLE/BLUE CERAMIC CANDLE HOLDER,Candles & Fragrance
21455,PAINTED YELLOW WOODEN DAISY,Home Decor
84881,BLUE WIRE SPIRAL CANDLE HOLDER,Candles & Fragrance
21459,YELLOW EASTER EGG HUNT START POST,Easter
71495B,CD WALL TIDY RED FLOWERS,Home Decor
90024A,NEW BAROQUE B'FLY NECKLACE BLACK,Jewelry & Accessories
84886,BLUE METAL WALL SHELF,Storage
84800M,MEDIUM WHITE/PINK ROSE ART FLOWER,Home Decor
85131C,BEADED CRYSTAL HEART BLUE ON STICK,Home Decor
21461,BLUE EASTER EGG HUNT START POST,Special_Code
21460,GREEN EASTER EGG HUNT START POST,Special_Code
21907,I'M ON HOLIDAY METAL SIGN,Home Decor
22386,JUMBO BAG PINK WITH WHITE SPOTS,Bags & Luggage
22385,JUMBO BAG SPACEBOY DESIGN,Bags & Luggage
22496,SET OF 2 ROUND TINS DUTCH CHEESE,Kitchenware
22495,SET OF 2 ROUND TINS CAMEMBERT,Kitchenware
22413,METAL SIGN TAKE IT OR LEAVE IT,Home Decor
22411,JUMBO SHOPPER VINTAGE RED PAISLEY,Bags & Luggage
22494,EMERGENCY FIRST AID TIN,Miscellaneous
22412,METAL SIGN NEIGHBOURHOOD WITCH,Home Decor
46137D,GREEN CHENILLE SHAGGY RUG,Home Decor
84797A,PINK HAWAIIAN PICNIC HAMPER FOR 4,Home & Garden
84219,BOX/12 MOTHER & CHICK IN BASKET/BOW,Gift Packaging
84461,12 PINK HEN+CHICKS IN BASKET,Easter
21763,VINTAGE WOODEN BAR STOOL,Furniture
22500,SET OF 2 TINS JARDIN DE PROVENCE,Kitchenware
22497,SET OF 2 TINS VINTAGE BATHROOM,Kitchenware
78027,SEAGRASS S/2 CORNER LAUNDRY,Storage
72821,CUPID SCENTED CANDLE IN GLASS,Candles & Fragrance
90149,SILVER FLOWR PINK SHELL NECKLACE,Jewelry & Accessories
84218,BOX/12 CHICK & EGG IN BASKET,Gift Packaging
22417,PACK OF 60 SPACEBOY CAKE CASES,Kitchenware
16206B,RED PURSE WITH PINK HEART,Jewelry & Accessories
22657,HEN & 2 CHICKS IN BASKET,Easter
62095B,TURQOISE ICE CREAM SUNHAT,Baby & Kids
17174,ASSTD RASTA KEY-CHAINS,Jewelry & Accessories
21008,ETCHED GLASS HEART TREE DECORATION,Home Decor
84559a,3D SHEET OF DOG STICKERS,Toys & Games
82613a,"METAL SIGN,CUPCAKE SINGLE HOOK",Bathroom
82613b,"METAL SIGN,CUPCAKE SINGLE HOOK",Bathroom
82613c,"METAL SIGN,CUPCAKE SINGLE HOOK",Bathroom
79071B,ENGLISH ROSE METAL WASTE BIN,Home & Garden
79140,ASS WINDPROOF MARIJUANA LIGHTERS,Miscellaneous
20822,SILVER WINE GOBLET,Kitchenware
84927E,FLOWERS TILE HOOK,Hardware & Tools
84462,3 PINK HEN+CHICKS IN BASKET,Easter
84366,VENDETTA CANVAS PICTURE,Art & Posters
90114,SUMMER DAISIES BAG CHARM,Jewelry & Accessories
90116,FRUIT SALAD BAG CHARM,Jewelry & Accessories
22499,WOODEN UNION JACK BUNTING,Party Supplies
90197D,AMBER GLASS BRACELET HEART CHARMS,Jewelry & Accessories
85205A,IVORY FELT EASTER RABBIT GARLAND,Easter
84555A,YELLOW VW BEETLE CERAMIC MONEY BOX,Home Decor
84963A,PINK PAINTED KASHMIRI CHAIR,Furniture
84967A,PINK KASHMIRI OCCASIONAL TABLE,Furniture
22416,36 DOILIES SPACEBOY DESIGN,Home Decor
82011A,"BATHROOM SCALES, TROPICAL BEACH",Bathroom
90214V,"LETTER ""V"" BLING KEY RING",Jewelry & Accessories
84857A,SILVER MONTE CARLO HANDBAG,Bags & Luggage
22498,WOODEN REGATTA BUNTING,Party Supplies
35644,PAIR PINK/BLACK COATHANGERS,Storage
84859B,BLUE DISCO HANDBAG,Bags & Luggage
84927A,WAKE UP COCKEREL TILE HOOK,Home Decor
84465,15 PINK FLUFFY CHICKS IN BOX,Easter
17084A,TRANQUILITY MASALA INCENSE,Candles & Fragrance
44089A,PINK GAUZE BUTTERFLY LAMPSHADE,Lighting
44089C,LILAC GAUZE BUTTERFLY LAMPSHADE,Lighting
17027A,INCENSE BAZAAR CANNABIS,Candles & Fragrance
84923,PINK BUTTERFLY HANDBAG W BOBBLES,Bags & Luggage
20816,GOLD FLOWER CUSHION COVER,Home Decor
84249A,"GREETING CARD,SQUARE, DOUGHNUTS",Stationery
84803B,WHITE ALLIUM  ARTIFICIAL FLOWER,Home Decor
17012C,ORIGAMI LAVENDER INCENSE/CANDL SET,Candles & Fragrance
84723,CHERRY BLOSSOM CANVAS ART PICTURE,Art & Posters
84908A,PINK 5 PATCH FLOWER CUSHION COVER,Home Decor
37451,CERAMIC CAKE TEAPOT WITH CHERRY,Kitchenware
72751C,"F.FAIRY S/3 SML CANDLE, ROSE",Candles & Fragrance
47422,ASSORTED MONKEY SUCTION CUP HOOK,Home Decor
47421,ASSORTED COLOUR LIZARD SUCTION HOOK,Home Decor
85192S,HANGING SPRING FLOWER HEART SMALL,Home Decor
79157B,UBO-LIGHT TRIOBASE BLUE,Lighting
82072,WHITE WOOD SINGLE P/FRAME,Home Decor
84817,DANISH ROSE DECORATIVE PLATE,Kitchenware
84192,ASSORTED COLOUR METAL CAT,Home Decor
84864A,PINK PAISLEY PHOTO ALBUM,Home Decor
21196,ROUND WHITE CONFETTI IN TUBE,Party Supplies
84030B,KNITTED POM POM HOT WATER BOTTLE,Personal Care
84311,CAMOFLAGE CUSHION COVER,Home Decor
71495A,CD WALL TIDY BLUE OFFICE,Storage
79331,PINK FLOCK GLASS CANDLEHOLDER,Candles & Fragrance
90202A,PURPLE ENAMEL FLOWER HAIR TIE,Jewelry & Accessories
82011E,"BATHROOM SCALES, FAG BREAK",Bathroom
22372,AIRLINE BAG VINTAGE WORLD CHAMPION,Bags & Luggage
21361,LOVE LARGE WOOD LETTERS,Home Decor
37489B,BLUE/YELLOW FLOWER DESIGN BIG MUG,Kitchenware
22371,AIRLINE BAG VINTAGE TOKYO 78,Bags & Luggage
20838,FRENCH LATTICE CUSHION COVER,Home Decor
22374,AIRLINE BAG VINTAGE JET SET RED,Bags & Luggage
22376,AIRLINE BAG VINTAGE JET SET WHITE,Bags & Luggage
22375,AIRLINE BAG VINTAGE JET SET BROWN,Bags & Luggage
47563B,WAVELINE SURF IRONING BOARD COVER,Home & Garden
84529B,BLUE KNITTED KID'S RUCKSACK,Baby & Kids
44217M,MULTICOLOUR FEATHERS CURTAIN,Home Decor
90189B,GOLD 2 STRAND NECKLACE-LEAF CHARMS,Jewelry & Accessories
90078,PINK/WHITE GLASS DEMI CHOKER,Jewelry & Accessories
90025D,BAROQUE BUTTERFLY EARRINGS PINK,Jewelry & Accessories
72715,SPHERICAL IVORY CANDLE,Candles & Fragrance
16050,TEATIME PENCIL WITH RUBBER,Stationery
90025C,BAROQUE BUTTERFLY EARRINGS GREEN,Jewelry & Accessories
84614A,PINK BAROQUE FLOCK CANDLE HOLDER,Home Decor
84227,HEN HOUSE W CHICK IN NEST,Garden & Outdoors
75178,ASSTD COL BUTTERFLY/CRYSTAL W/CHIME,Garden & Outdoors
35816P,"ACRYLIC JEWEL ANGEL,PINK",Home Decor
22432,WATERING CAN PINK BUNNY,Garden & Outdoors
22433,WATERING CAN GREEN DINOSAUR,Garden & Outdoors
84884a,ANT WHITE WIRE HEART SPIRAL,Home Decor
85039a,SET/4 RED MINI ROSE CANDLE IN BOWL,Candles & Fragrance
47559b,TEA TIME OVEN GLOVE,Kitchenware
85035b,CHOCOLATE 3 WICK MORRIS BOX CANDLE,Candles & Fragrance
79066k,RETRO MOD TRAY,Kitchenware
85039b,S/4 IVORY MINI ROSE CANDLE IN BOWL,Candles & Fragrance
m,Manual,Special_Code
72801c,S/4 ROSE PINK DINNER CANDLES,Candles & Fragrance
79342b,BROWN FLOWER LIGHTS,Lighting
84997d,PINK 3 PIECE MINI DOTS CUTLERY SET,Kitchenware
47556b,TEA TIME TEA TOWELS,Kitchenware
72351a,SET/6 TURQUOISE BUTTERFLY T-LIGHTS,Candles & Fragrance
72801g,S/4 BURGUNDY WINE DINNER CANDLES,Candles & Fragrance
84800S,SMALL WHITE/PINK ROSE ART FLOWER,Home Decor
90127B,BLUE BEADS+HAND PHONE CHARM,Jewelry & Accessories
84596I,WRAP SWEETS LIGHT PINK SMALL BOWL,Kitchenware
35823P,"ACRYLIC BEAD GARLAND,PINK",Home Decor
84575A,PINK DOG CANNISTER,Kitchenware
22431,WATERING CAN BLUE ELEPHANT,Garden & Outdoors
84629,WHITE 3 FRAME BIRDS AND TREE,Home Decor
84962,SET/3 COLOUR PAINTED KASHMIRI STOOL,Furniture
84964B,BLUE PAINTED KASHMIRI TABLE,Furniture
84964A,PINK PAINTED KASHMIRI TABLE,Furniture
84965B,BLUE KASHMIRI COFFEE TABLE,Furniture
84965A,PINK KASHMIRI COFFEE TABLE,Furniture
84613A,PINK NEW BAROQUE FLOCK CANDLESTICK,Candles & Fragrance
37488A,YELLOW PINK FLOWER DESIGN BIG BOWL,Kitchenware
35909A,RABBIT EASTER DECORATION,Easter
21387,IVORY HANGING DECORATION  RABBIT,Easter
84751B,BLACK MEDIUM GLASS CAKE STAND,Kitchenware
22609,PENS ASSORTED SPACEBALL,Stationery
72083A,STRAWBERY SWIRL FLARE CANDLE,Candles & Fragrance
81953P,ROUND ARTICULATED PINK CLOCK W/SUCK,Home Decor
90128D,PURPLE LEAVES AND BEADS PHONE CHAR,Jewelry & Accessories
22610,PENS ASSORTED FUNNY FACE,Stationery
22608,PENS ASSORTED FUNKY JEWELED,Stationery
84226,HEN HOUSE W FAMILY IN BARN & NEST,Home Decor
84770,ROUND GEORGIAN SILVER MIRROR,Home Decor
21623,VINTAGE UNION JACK MEMOBOARD,Home & Garden
71496A,A4 WALL TIDY BLUE OFFICE,Storage
84546,CROCHET POODLE KEYRING,Jewelry & Accessories
62086A,PINK RETRO BIG FLOWER BAG,Bags & Luggage
21760,FRENCH STYLE WALL DRESSER,Furniture
90162C,ANT SILVER FUSCHIA BOUDICCA RING,Jewelry & Accessories
90162B,ANT SILVER LIME GREEN BOUDICCA RING,Jewelry & Accessories
84805A,CREAM CLIMBING HYDRANGA ART FLOWER,Home Decor
84679,CLASSICAL ROSE TABLE LAMP,Lighting
84908B,BLUE 5 PATCH FLOWER CUSHION COVER,Home Decor
20836,FRENCH PAISLEY CUSHION COVER,Home Decor
21003,ROSE DU SUD CUSHION COVER,Home Decor
22489,PACK OF 12 TRADITIONAL CRAYONS,Toys & Games
90086,CRYSTAL FROG PHONE CHARM,Jewelry & Accessories
84205C,HAPPY BIRTHDAY GINGER CAT CARD,Stationery
84726,LILLIES CANVAS PICTURE,Art & Posters
84720,DOT MATRIX CANVAS ART PICTURE,Art & Posters
17012F,ORIGAMI SANDLEWOOD INCENSE/CAND SET,Candles & Fragrance
84926A,WAKE UP COCKEREL TILE COASTER,Home Decor
77079,DOLPHIN WINDMILL,Garden & Outdoors
21197,MULTICOLOUR  CONFETTI IN TUBE,Party Supplies
35950,FOLKART HEART CHRISTMAS DECORATIONS,Christmas
20835,FRENCH LATTICE CUSHION COVER,Home Decor
37379B,BLUE CHERRY BLOSSOM CUP & SAUCER,Kitchenware
22457,NATURAL SLATE HEART CHALKBOARD,Home Decor
22456,NATURAL SLATE CHALKBOARD LARGE,Home Decor
22483,RED GINGHAM TEDDY BEAR,Toys & Games
22458,CAST IRON HOOK GARDEN FORK,Garden & Outdoors
22459,CAST IRON HOOK GARDEN TROWEL,Garden & Outdoors
22467,GUMBALL COAT RACK,Furniture
22465,HANGING METAL STAR LANTERN,Home & Garden
22464,HANGING METAL HEART LANTERN,Home & Garden
84796B,BLUE SAVANNAH PICNIC HAMPER FOR 2,Home & Garden
84873A,FUNKY FLOWER PICNIC BAG FOR 4,Home & Garden
84872A,TEATIME FUNKY FLOWER BACKPACK FOR 2,Bags & Luggage
22478,BIRDHOUSE GARDEN MARKER,Garden & Outdoors
22477,WATERING CAN GARDEN MARKER,Garden & Outdoors
22480,RED TEA TOWEL CLASSIC DESIGN,Kitchenware
22482,BLUE TEA TOWEL CLASSIC DESIGN,Kitchenware
22488,NATURAL SLATE RECTANGLE CHALKBOARD,Home Decor
22485,SET OF 2 WOODEN MARKET CRATES,Storage
22466,FAIRY TALE COTTAGE NIGHTLIGHT,Lighting
18097A,PINK TALL PORCELAIN T-LIGHT HOLDER,Home Decor
22475,SKULL DESIGN TV DINNER TRAY,Kitchenware
84520b,PACK 20 ENGLISH ROSE PAPER NAPKINS,Home Decor
15060b,FAIRY CAKE DESIGN UMBRELLA,Baby & Kids
84661c,PINK SQUARE TABLE CLOCK,Home Decor
85160a,WHITE BIRD GARDEN DESIGN MUG,Kitchenware
85132b,CHARLIE AND LOLA TABLE TINS,Kitchenware
22479,DAISY GARDEN MARKER,Garden & Outdoors
22487,WHITE WOOD GARDEN PLANT LADDER,Garden & Outdoors
22461,SAVOY ART DECO CLOCK,Home Decor
22476,EMPIRE UNION JACK TV DINNER TRAY,Kitchenware
22481,BLACK TEA TOWEL CLASSIC DESIGN,Kitchenware
90075,MONTANA DIAMOND CLUSTER NECKLACE,Jewelry & Accessories
90025B,BAROQUE BUTTERFLY EARRINGS RED,Jewelry & Accessories
90074,BLACK DIAMOND CLUSTER NECKLACE,Jewelry & Accessories
47369A,PINK GREEN EMBROIDERY COSMETIC BAG,Bags & Luggage
22474,SPACEBOY TV DINNER TRAY,Kitchenware
84251B,"GREETING CARD, STICKY GORDON",Stationery
90135A,ORANGE/FUSCHIA STONES NECKLACE,Jewelry & Accessories
22460,EMBOSSED GLASS TEALIGHT HOLDER,Home Decor
90095,NECKLACE+BRACELET SET PINK BLOSSOM,Jewelry & Accessories
22468,BABUSHKA LIGHTS STRING OF 10,Lighting
22486,PLASMATRONIC LAMP,Lighting
79172D,PURPLE TINT ACRYLIC FLOWER VASE,Home Decor
22472,TV DINNER TRAY DOLLY GIRL,Kitchenware
22569,FELTCRAFT CUSHION BUTTERFLY,Home Decor
22568,FELTCRAFT CUSHION OWL,Home Decor
22570,FELTCRAFT CUSHION RABBIT,Home Decor
22586,FELTCRAFT HAIRBAND PINK AND BLUE,Jewelry & Accessories
22587,"FELTCRAFT HAIRBAND, S/2, RED/BLUE",Jewelry & Accessories
22565,FELTCRAFT HAIRBANDS PINK + WHITE,Jewelry & Accessories
16245A,PINK MINI STATIONERY SET W CASE,Stationery
22566,"FELTCRAFT HAIRBAND S/2, PINK/PURPLE",Jewelry & Accessories
22585,PACK OF 6 BIRDY GIFT TAGS,Gift Packaging
22582,PACK OF 6 SWEETIE GIFT BOXES,Gift Packaging
22583,PACK OF 6 HANDBAG GIFT BOXES,Gift Packaging
22584,PACK OF 6 PANNETONE GIFT BOXES,Gift Packaging
79161A,ST GEORGE SET OF 10 PARTY LIGHTS,Party Supplies
22509,SEWING BOX RETROSPOT DESIGN,Sewing & Craft
22505,MEMO BOARD COTTAGE DESIGN,Home Decor
22473,TV DINNER TRAY VINTAGE PAISLEY,Kitchenware
22508,DOORSTOP RETROSPOT HEART,Home Decor
22471,TV DINNER TRAY AIR HOSTESS,Kitchenware
84632,DECORATIVE HANGING SHELVING UNIT,Furniture
22507,MEMO BOARD RETROSPOT  DESIGN,Home Decor
17012D,ORIGAMI ROSE INCENSE/CANDLE SET,Candles & Fragrance
22510,DOORSTOP RUSSIAN DOLL GINGHAM,Home Decor
22511,DOORSTOP RUSSIAN DOLL RETROSPOT,Home Decor
22512,DOORSTOP RACING CAR DESIGN,Home Decor
84743C,ORANGE FELT VASE + FLOWERS,Home Decor
84806B,WHITE CANDYSTUFT ARTIFICIAL FLOWER,Home Decor
22513,DOORSTOP FOOTBALL DESIGN,Home Decor
22659,LUNCHBOX I LOVE LONDON,Baby & Kids
22631,CIRCUS PARADE LUNCHBOX,Baby & Kids
22618,COOKING SET RETROSPOT,Kitchenware
22617,BAKING SET SPACEBOY DESIGN,Kitchenware
DCGS0069,OOH LA LA DOGS COLLAR,Pet Items
22362,GLASS JAR PEACOCK BATH SALTS,Bathroom
22363,GLASS JAR MARMALADE,Food & Beverage
22423,REGENCY CAKESTAND 3 TIER,Kitchenware
84613C,BLUE NEW BAROQUE FLOCK CANDLESTICK,Home Decor
22361,GLASS JAR DAISY FRESH COTTON WOOL,Personal Care
22364,GLASS JAR DIGESTIVE BISCUITS,Food & Beverage
22359,GLASS JAR KINGS CHOICE,Food & Beverage
90037B,TINY CRYSTAL BRACELET GREEN,Jewelry & Accessories
22450,SILK PURSE RUSSIAN DOLL BLUE,Bags & Luggage
22449,SILK PURSE RUSSIAN DOLL PINK,Bags & Luggage
22451,SILK PURSE RUSSIAN DOLL RED,Bags & Luggage
20973,12 PENCIL SMALL TUBE WOODLAND,Stationery
22445,PENCIL CASE LIFE IS BEAUTIFUL,Stationery
85186B,BUNNY BUNCH OF FLOWERS,Home Decor
22429,ENAMEL MEASURING JUG CREAM,Kitchenware
21452,TOADSTOOL MONEY BOX,Toys & Games
22446,PIN CUSHION RUSSIAN DOLL PINK,Sewing & Craft
22448,PIN CUSHION RUSSIAN DOLL RED,Sewing & Craft
21310,CAPIZ CHANDELIER,Lighting
85019B,BLOSSOM  IMAGES NOTEBOOK SET,Stationery
90026A,GLASS BEAD HOOP NECKLACE BLACK,Jewelry & Accessories
35970,ZINC FOLKART SLEIGH BELLS,Home Decor
20953,PORCELAIN CHERUB BELL LARGE,Home Decor
16008,SMALL FOLDING SCISSOR(POINTED EDGE),Hardware & Tools
10124A,SPOTS ON RED BOOKCOVER TAPE,Stationery
22454,MEASURING TAPE RUSSIAN DOLL RED,Hardware & Tools
90027A,GLASS BEAD HOOP EARRINGS BLACK,Jewelry & Accessories
22453,MEASURING TAPE RUSSIAN DOLL BLUE,Hardware & Tools
22452,MEASURING TAPE RUSSIAN DOLL PINK,Hardware & Tools
37509,NEW ENGLAND MUG W GIFT BOX,Kitchenware
35824P,"HANGING FLOWERS+MIRROR,PINK",Home Decor
22447,PIN CUSHION RUSSIAN DOLL BLUE,Sewing & Craft
22441,GROW YOUR OWN BASIL IN ENAMEL MUG,Garden & Outdoors
22444,GROW YOUR OWN PLANT IN A CAN,Garden & Outdoors
22443,GROW YOUR OWN HERBS SET OF 3,Garden & Outdoors
22442,GROW YOUR OWN FLOWERS SET OF 3,Garden & Outdoors
22564,ALPHABET STENCIL CRAFT,Sewing & Craft
22563,HAPPY STENCIL CRAFT,Sewing & Craft
22562,MONSTERS STENCIL CRAFT,Sewing & Craft
22561,WOODEN SCHOOL COLOURING SET,Toys & Games
46138D,GREEN CHENILLE SHAGGY C/COVER,Home Decor
22555,PLASTERS IN TIN STRONGMAN,Baby & Kids
22556,PLASTERS IN TIN CIRCUS PARADE,Baby & Kids
22560,TRADITIONAL MODELLING CLAY,Toys & Games
22551,PLASTERS IN TIN SPACEBOY,Baby & Kids
22554,PLASTERS IN TIN WOODLAND ANIMALS,Baby & Kids
44242A,LILAC FEATHERS CURTAIN,Home Decor
22557,PLASTERS IN TIN VINTAGE PAISLEY,Baby & Kids
22553,PLASTERS IN TIN SKULLS,Baby & Kids
22549,PICTURE DOMINOES,Toys & Games
22550,HOLIDAY FUN LUDO,Toys & Games
22535,MAGIC DRAWING SLATE BUNNIES,Toys & Games
22518,CHILDS GARDEN BRUSH BLUE,Garden & Outdoors
21878,PACK OF 6 SANDCASTLE FLAGS ASSORTED,Toys & Games
22522,CHILDS GARDEN FORK BLUE,Garden & Outdoors
22520,CHILDS GARDEN TROWEL BLUE,Garden & Outdoors
22523,CHILDS GARDEN FORK PINK,Garden & Outdoors
22521,CHILDS GARDEN TROWEL PINK,Garden & Outdoors
22524,CHILDRENS GARDEN GLOVES BLUE,Garden & Outdoors
22525,CHILDRENS GARDEN GLOVES PINK,Garden & Outdoors
22519,CHILDS GARDEN BRUSH PINK,Garden & Outdoors
22548,HEADS AND TAILS SPORTING FUN,Toys & Games
21787,RAIN PONCHO WITH RED SPOTS,Clothing & Shoes
22559,SEASIDE FRISBEE,Sports & Outdoors
40005B,BLUE ORGANDY ROUND LAMPSHADE W BEA,Lighting
22544,MINI JIGSAW SPACEBOY,Toys & Games
22539,MINI JIGSAW DOLLY GIRL,Toys & Games
22528,GARDENERS KNEELING PAD,Garden & Outdoors
22526,WHEELBARROW FOR CHILDREN,Toys & Games
22567,20 DOLLY PEGS RETROSPOT,Home & Garden
22543,MINI JIGSAW BAKE A CAKE,Toys & Games
22546,MINI JIGSAW FIDO,Toys & Games
22545,MINI JIGSAW BUNNIES,Toys & Games
22405,MONEY BOX POCKET MONEY DESIGN,Home Decor
22409,MONEY BOX BISCUITS DESIGN,Home Decor
22408,MONEY BOX CONFECTIONERY DESIGN,Home Decor
22406,MONEY BOX KINGS CHOICE DESIGN,Home Decor
22407,MONEY BOX FIRST ADE DESIGN,Toys & Games
22410,MONEY BOX HOUSEKEEPING DESIGN,Toys & Games
22402,MAGNETS PACK OF 4 VINTAGE COLLAGE,Home Decor
22399,MAGNETS PACK OF 4 CHILDHOOD MEMORY,Home Decor
22396,MAGNETS PACK OF 4 RETRO PHOTO,Home Decor
22390,PAPERWEIGHT CHILDHOOD MEMORIES,Home Decor
22393,PAPERWEIGHT VINTAGE COLLAGE,Home Decor
20958,PORCELAIN HANGING BELL LARGE,Home Decor
22517,CHILDS GARDEN RAKE PINK,Garden & Outdoors
44091A,BLUE CRUSOE CHECK LAMPSHADE,Lighting
22398,MAGNETS PACK OF 4 SWALLOWS,Home Decor
22547,MINI JIGSAW DINOSAUR,Toys & Games
72084B,CHOCOLATE ICE CREAM CANDLE,Candles & Fragrance
85146,JARDIN ETCHED GLASS SMALL BELL JAR,Home Decor
90046,WHITE WITH METAL BAG CHARM,Jewelry & Accessories
84814A,HEXAGONAL CRYSTAL PERFUME BOTTLE,Home Decor
22541,MINI JIGSAW LEAP FROG,Toys & Games
22612,TEA COSY VINTAGE UNION JACK,Kitchenware
22611,VINTAGE UNION JACK SHOPPING BAG,Bags & Luggage
22516,CHILDS GARDEN RAKE BLUE,Garden & Outdoors
22515,CHILDS GARDEN SPADE PINK,Garden & Outdoors
22514,CHILDS GARDEN SPADE BLUE,Garden & Outdoors
22530,MAGIC DRAWING SLATE DOLLY GIRL,Toys & Games
22534,MAGIC DRAWING SLATE SPACEBOY,Toys & Games
22536,MAGIC DRAWING SLATE PURDEY,Toys & Games
22533,MAGIC DRAWING SLATE BAKE A CAKE,Toys & Games
22529,MAGIC DRAWING SLATE GO TO THE FAIR,Toys & Games
22538,MINI JIGSAW GO TO THE FAIR,Toys & Games
22532,MAGIC DRAWING SLATE LEAP FROG,Toys & Games
22540,MINI JIGSAW CIRCUS PARADE,Toys & Games
22403,MAGNETS PACK OF 4 VINTAGE LABELS,Home Decor
22537,MAGIC DRAWING SLATE DINOSAUR,Toys & Games
85160b,BLACK BIRD GARDEN DESIGN MUG,Kitchenware
84796a,PINK HAWAIIAN PICNIC HAMPER FOR 2,Garden & Outdoors
72807a,SET/3 ROSE CANDLE IN JEWELLED BOX,Candles & Fragrance
84536a,ENGLISH ROSE NOTEBOOK A7 SIZE,Stationery
85231e,STRAWBERRY SCENTED SET/9 T-LIGHTS,Candles & Fragrance
72801e,S/4 FESTIVE GREEN DINNER CANDLES,Candles & Fragrance
84915,HAND TOWEL PINK FLOWER AND DAISY,Bathroom
22400,MAGNETS PACK OF 4 HOME SWEET HOME,Home Decor
22389,PAPERWEIGHT SAVE THE PLANET,Home Decor
22391,PAPERWEIGHT HOME SWEET HOME,Home Decor
84527,FLAMES SUNGLASSES PINK LENSES,Clothing & Shoes
22531,MAGIC DRAWING SLATE CIRCUS PARADE,Toys & Games
90152C,BLUE/NAT SHELL NECKLACE W PENDANT,Jewelry & Accessories
DCGS0070,CAMOUFLAGE DOG COLLAR,Pet Items
DCGS0075,CAMOUFLAGUE DOG LEAD,Pet Items
22394,PAPERWEIGHT KINGS CHOICE,Home Decor
22436,12 COLOURED PARTY BALLOONS,Party Supplies
22434,BALLOON PUMP WITH 10 BALLOONS,Party Supplies
22437,SET OF 9 BLACK SKULL BALLOONS,Party Supplies
22439,6 ROCKET BALLOONS,Party Supplies
22428,ENAMEL FIRE BUCKET CREAM,Home & Garden
22426,ENAMEL WASH BOWL CREAM,Bathroom
22435,SET OF 9 HEART SHAPED BALLOONS,Party Supplies
20860,GOLD COSMETICS BAG WITH BUTTERFLY,Jewelry & Accessories
22606,WOODEN SKITTLES GARDEN SET,Toys & Games
22607,WOODEN ROUNDERS GARDEN SET,Toys & Games
22605,WOODEN CROQUET GARDEN SET,Toys & Games
84510e,SET OF 4 GREEN CAROUSEL COASTERS,Kitchenware
84596j,MIXED NUTS LIGHT GREEN BOWL,Food & Beverage
85232a,SET/3 POLKA DOT STACKING TINS,Storage
21922,UNION STRIPE WITH FRINGE  HAMMOCK,Garden & Outdoors
82484,WOOD BLACK BOARD ANT WHITE FINISH,Home Decor
47348A,FUSCHIA VOILE POINTY SHOE DEC,Clothing & Shoes
22440,BALLOON WATER BOMB PACK OF 35,Party Supplies
21925,UNION STRIPE CUSHION COVER,Home Decor
22438,BALLOON ART MAKE YOUR OWN FLOWERS,Party Supplies
21927,BLUE/CREAM STRIPE CUSHION COVER,Home Decor
21926,RED/CREAM STRIPE CUSHION COVER,Home Decor
20957,PORCELAIN HANGING BELL SMALL,Home Decor
22395,PAPERWEIGHT VINTAGE PAISLEY,Home Decor
21511,VINTAGE COLLAGE  GREETING  CARD,Stationery
35818B,"ACRYLIC JEWEL ICICLE, BLUE",Home Decor
22558,CLOTHES PEGS RETROSPOT PACK 24,Home & Garden
D,Discount,Special_Code
84875B,GREEN SQUARE COMPACT MIRROR,Jewelry & Accessories
84927D,LA PALMIERA TILE HOOK,Hardware & Tools
90024F,NEW BAROQUE B'FLY NECKLACE CRYSTAL,Jewelry & Accessories
72709,IVORY SCULPTED RND CANDLE,Candles & Fragrance
71496B,A4 WALL TIDY RED FLOWERS,Home Decor
22469,HEART OF WICKER SMALL,Home Decor
22470,HEART OF WICKER LARGE,Home Decor
22719,"GUMBALL COATHOOK., BLACK & WHITE",Home & Garden
84997a,GREEN 3 PIECE MINI DOTS CUTLERY SET,Kitchenware
85040b,SET/4 BLUE FLOWER CANDLES IN BOWL,Candles & Fragrance
84823,DANISH ROSE FOLDING CHAIR,Furniture
84731,3 BIRDS CANVAS SCREEN,Home Decor
84858B,BLUE RIVIERA HANDBAG,Bags & Luggage
16169A,WRAP CHRISTMAS DECOUPAGE,Christmas
S,SAMPLES,Miscellaneous
16151A,FLOWER DES BLUE HANDBAG/ORANG HANDL,Bags & Luggage
62043B,BLUE CHECK BAG W HANDLE 34X20CM,Bags & Luggage
22626,BLACK KITCHEN SCALES,Kitchenware
22503,CABIN BAG VINTAGE PAISLEY,Bags & Luggage
84840,SWEETHEART CARRY-ALL BASKET,Storage
22624,IVORY KITCHEN SCALES,Kitchenware
22627,MINT KITCHEN SCALES,Kitchenware
22625,RED KITCHEN SCALES,Kitchenware
84760L,LARGE HANGING GLASS+ZINC LANTERN,Lighting
22504,CABIN BAG VINTAGE RETROSPOT,Bags & Luggage
84914A,PINK ROSE PICNIC RUG,Garden & Outdoors
82494l,WOODEN FRAME ANTIQUE WHITE,Home Decor
47594a,CAROUSEL DESIGN WASHBAG,Bags & Luggage
84867a,PINK BABY GIRLS PHOTO ALBUM,Baby & Kids
22491,PACK OF 12 COLOURED PENCILS,Stationery
22492,MINI PAINT SET VINTAGE,Sewing & Craft
22615,PACK OF 12 CIRCUS PARADE TISSUES,Party Supplies
22616,PACK OF 12 LONDON TISSUES,Party Supplies
22614,PACK OF 12 SPACEBOY TISSUES,Party Supplies
22613,PACK OF 20 SPACEBOY NAPKINS,Party Supplies
22421,LIPSTICK PEN FUSCHIA,Personal Care
22418,10 COLOUR SPACEBOY PEN,Stationery
22621,TRADITIONAL KNITTING NANCY,Sewing & Craft
22623,BOX OF VINTAGE JIGSAW BLOCKS,Toys & Games
22619,SET OF 6 SOLDIER SKITTLES,Toys & Games
22419,LIPSTICK PEN RED,Personal Care
22493,PAINT YOUR OWN CANVAS SET,Sewing & Craft
22622,BOX OF VINTAGE ALPHABET BLOCKS,Toys & Games
22420,LIPSTICK PEN BABY PINK,Personal Care
22422,TOOTHPASTE TUBE PEN,Stationery
81953B,ROUND ARTICULATED BLUE CLOCK W/SUCK,Home Decor
22620,4 TRADITIONAL SPINNING TOPS,Toys & Games
17014E,ORIGAMI OPIUM INCENSE CONES,Candles & Fragrance
90091,CRYSTAL DRAGONFLY PHONE CHARM,Jewelry & Accessories
85050,FRENCH ENAMEL SOAP DISH WITH LID,Bathroom
46115B,GREEN POP ART MAO CUSHION COVER,Home Decor
45013,FOLDING SHOE TIDY,Storage
10124G,ARMY CAMO BOOKCOVER TAPE,Stationery
35817P,"ACRYLIC JEWEL SNOWFLAKE,PINK",Jewelry & Accessories
35818P,"ACRYLIC JEWEL ICICLE, PINK",Jewelry & Accessories
22427,ENAMEL FLOWER JUG CREAM,Kitchenware
22430,ENAMEL WATERING CAN CREAM,Garden & Outdoors
22645,CERAMIC HEART FAIRY CAKE MONEY BANK,Home Decor
22646,CERAMIC STRAWBERRY CAKE MONEY BANK,Home Decor
22650,CERAMIC PIRATE CHEST MONEY BANK,Home Decor
22647,CERAMIC LOVE HEART MONEY BANK,Home Decor
22649,STRAWBERRY FAIRY CAKE TEAPOT,Kitchenware
22644,CERAMIC CHERRY CAKE MONEY BANK,Home Decor
37483,ENGLISH ROSE MUG IN GIFT BOX,Kitchenware
22425,ENAMEL COLLANDER CREAM,Kitchenware
22424,ENAMEL BREAD BIN CREAM,Kitchenware
84757,ENCHANTED GARDEN WROUGHT IRON TABLE,Furniture
85070,ANT WHITE SWEETHEART TABLE W 3 DRAW,Furniture
21382,SET/4 SPRING FLOWER DECORATION,Home Decor
84086B,YELLOW/BLUE RETRO RADIO,Miscellaneous
84963B,BLUE PAINTED KASHMIRI CHAIR,Furniture
84967C,GREEN KASHMIRI OCCASIONAL TABLE,Furniture
22634,CHILDS BREAKFAST SET SPACEBOY,Baby & Kids
22635,CHILDS BREAKFAST SET DOLLY GIRL,Baby & Kids
22637,PIGGY BANK RETROSPOT,Home Decor
22636,CHILDS BREAKFAST SET CIRCUS PARADE,Baby & Kids
22501,PICNIC BASKET WICKER LARGE,Garden & Outdoors
22502,PICNIC BASKET WICKER SMALL,Garden & Outdoors
90049,IVORY GOLD METAL BAG CHARM,Jewelry & Accessories
35265,COLOURFUL FLOWER FRUIT BOWL,Kitchenware
46037A,PINK CANVAS DES CUSHION COVER,Home Decor
84660c,PINK STITCHED WALL CLOCK,Home Decor
84970l,SINGLE HEART ZINC T-LIGHT HOLDER,Home Decor
85124a,PINK JUICY FRUIT PHOTO FRAME,Home Decor
84986b,SET OF 36 SILVER PAPER DOILIES,Party Supplies
84971s,SMALL HEART FLOWERS HOOK,Hardware & Tools
47593a,CAROUSEL DESIGN BABY BIB,Baby & Kids
84985b,SET OF 72 BLACK PAPER DOILIES,Gift Packaging
22710,WRAP I LOVE LONDON,Gift Packaging
22707,WRAP MONSTER FUN,Gift Packaging
22705,WRAP GREEN PEARS,Gift Packaging
22704,WRAP RED APPLES,Gift Packaging
22711,WRAP CIRCUS PARADE,Gift Packaging
35240,ENAMEL BLUE RIM OVAL TRAY SET/2,Kitchenware
22713,CARD I LOVE LONDON,Stationery
84709A,SILVER OVAL JEWELLED MIRROR,Home Decor
22712,CARD DOLLY GIRL,Stationery
22714,CARD BIRTHDAY COWBOY,Stationery
17011B,ORIGAMI JASMINE INCENSE+FLOWER,Candles & Fragrance
84891B,GREEN WIRE GOBLET CANDLEHOLDER,Home Decor
22716,CARD CIRCUS PARADE,Stationery
22718,CARD CAT AND TREE,Stationery
22715,CARD WEDDING DAY,Stationery
22706,WRAP COWBOYS,Gift Packaging
22708,WRAP DOLLY GIRL,Gift Packaging
22709,WRAP WEDDING DAY,Gift Packaging
22717,CARD DOG AND BALL,Stationery
90042C,FRESHWATER PEARL BRACELET IVORY,Jewelry & Accessories
22864,MUG AND COASTER SET RED CIRCLES,Kitchenware
79308B,MOSAIC CANDLE DISH BLUE PURPLE,Home Decor
35650,VINTAGE BEAD PINK JEWEL STAND,Home Decor
47591c,BLUE FAIRY CAKE CHILD'S APRON,Clothing & Shoes
84970s,HANGING HEART ZINC T-LIGHT HOLDER,Home Decor
85099b,JUMBO BAG RED RETROSPOT,Bags & Luggage
84989a,75 GREEN FAIRY CAKE CASES,Party Supplies
DCGS0041,HAYNES MINI-COOPER PLAYING CARDS,Toys & Games
37481,CUBIC MUG TEATIME CAKES,Kitchenware
90214W,"LETTER ""W"" BLING KEY RING",Jewelry & Accessories
90154,LAZER CUT NECKLACE W PASTEL BEADS,Jewelry & Accessories
90026D,GLASS BEAD HOOP NECKLACE AMETHYST,Jewelry & Accessories
22206,"MUG , DOTCOMGIFTSHOP.COM",Kitchenware
79532,MOSAIC GLASS BALL CANDLEHOLDER,Home Decor
71050,SMALL SINGLE FLAME CANDLE HOLDER,Home Decor
72802a,ROSE SCENT CANDLE IN JEWELLED BOX,Candles & Fragrance
84596b,SMALL DOLLY MIX DESIGN ORANGE BOWL,Food & Beverage
84795b,SUNSET CHECK HAMMOCK,Garden & Outdoors
84510c,SET OF 4 POLKADOTS COASTERS,Home Decor
84968d,S/16 VINTAGE RED CUTLERY,Kitchenware
85123a,WHITE HANGING HEART T-LIGHT HOLDER,Home Decor
15056n,EDWARDIAN PARASOL NATURAL,Jewelry & Accessories
84968e,S/16 VINTAGE BLACK CUTLERY,Kitchenware
84424A,FOUR PICTURE WHITE GLASS FRAME,Home Decor
85115B,S/4 BLACK DISCO PARTITION PANEL,Furniture
37479P,CUBIC MUG FLOCK PINK ON BROWN,Kitchenware
84493,BLUE/PINK NEST STRIPE BOX,Storage
gift_0001_70,Dotcomgiftshop Gift Voucher £70.00,Gift Packaging
16162M,THE KING GIFT BAG 25x24x12cm,Gift Packaging
DCGS0037,KEY-RING CORKSCREW,Jewelry & Accessories
90179C,BLACK FINE BEAD NECKLACE W TASSEL,Jewelry & Accessories
84857C,PINK MONTE CARLO HANDBAG,Bags & Luggage
62097B,BLUE STRIPES SHOULDER BAG,Bags & Luggage
78034B,BLUE NETTING STORAGE HANGER,Storage
90118,PINK DAISY BAG CHARM,Jewelry & Accessories
90063A,WHITE VINT ART DECO CRYSTAL NECKLAC,Jewelry & Accessories
85114A,BLACK ENCHANTED FOREST PLACEMAT,Home Decor
90104,PURPLE FRANGIPANI HAIRCLIP,Jewelry & Accessories
DCGSSBOY,BOYS PARTY BAG,Party Supplies
DCGSSGIRL,GIRLS PARTY BAG,Party Supplies
22701,PINK DOG BOWL,Pet Items
90119,METALIC LEAVES BAG CHARMS,Jewelry & Accessories
75172,PAINTED SEA SHELL METAL WINDCHIME,Garden & Outdoors
22703,PINK CAT BOWL,Pet Items
22702,BLACK AND WHITE CAT BOWL,Pet Items
84534b,FAIRY CAKE NOTEBOOK A5 SIZE,Stationery
85099c,JUMBO  BAG BAROQUE BLACK WHITE,Bags & Luggage
85049e,SCANDINAVIAN REDS RIBBONS,Christmas
47566b,TEA TIME PARTY BUNTING,Party Supplies
85049b,LUSH GREENS RIBBONS,Gift Packaging
84510a,SET OF 4 ENGLISH ROSE COASTERS,Home Decor
15056p,EDWARDIAN PARASOL PINK,Clothing & Shoes
84997b,RED 3 PIECE MINI DOTS CUTLERY SET,Kitchenware
84536b,FAIRY CAKES NOTEBOOK A7 SIZE,Stationery
84660b,BLACK STITCHED WALL CLOCK,Home Decor
85014a,BLACK/BLUE DOTS RUFFLED UMBRELLA,Baby & Kids
47570b,TEA TIME TABLE CLOTH,Home Decor
84985a,SET OF 72 GREEN PAPER DOILIES,Gift Packaging
22640,SET OF 4 NAPKIN CHARMS 3 KEYS,Home Decor
ADJUST2,Adjustment by Peter on Jun 25 2010,Miscellaneous
90142A,GREEN PENDANT SHELL NECKLACE,Jewelry & Accessories
90094,NECKLACE+BRACELET SET FRUIT SALAD,Jewelry & Accessories
90051,CRACKED GLAZE NECKLACE RED,Jewelry & Accessories
22692,DOORMAT WELCOME TO OUR HOME,Home & Garden
22660,DOORMAT I LOVE LONDON,Home & Garden
22687,DOORMAT CHRISTMAS VILLAGE,Christmas
22691,DOORMAT WELCOME SUNRISE,Home & Garden
22690,DOORMAT HOME SWEET HOME BLUE,Home & Garden
22689,DOORMAT MERRY CHRISTMAS RED,Christmas
22688,DOORMAT PEACE ON EARTH BLUE,Christmas
84247E,PACK/12 XMAS FUN CARD,Christmas
22629,SPACEBOY LUNCH BOX,Baby & Kids
22628,PICNIC BOXES SET OF 3 RETROSPOT,Kitchenware
22700,BLACK AND WHITE DOG BOWL,Pet Items
22630,DOLLY GIRL LUNCH BOX,Baby & Kids
22669,RED BABY BUNTING,Baby & Kids
84968a,S/16 VINTAGE ROSE CUTLERY,Kitchenware
47590a,BLUE HAPPY BIRTHDAY BUNTING,Party Supplies
85132c,CHARLIE AND LOLA FIGURES TINS,Kitchenware
84509e,SET OF 4 CAROUSEL PLACEMATS,Home Decor
22668,PINK BABY BUNTING,Baby & Kids
22666,RECIPE BOX PANTRY YELLOW DESIGN,Kitchenware
22667,RECIPE BOX RETRO SPOT DESIGN,Kitchenware
22665,RECIPE BOX BLUE SKETCHBOOK DESIGN,Kitchenware
22656,VINTAGE BLUE KITCHEN CABINET,Furniture
22655,VINTAGE RED KITCHEN CABINET,Furniture
45014,FOLDING SHIRT TIDY,Storage
22596,CHRISTMAS STAR WISH LIST CHALKBOARD,Christmas
22602,CHRISTMAS RETROSPOT HEART WOOD,Christmas
22600,CHRISTMAS RETROSPOT STAR WOOD,Christmas
22603,CHRISTMAS RETROSPOT TREE WOOD,Christmas
22595,CHRISTMAS GINGHAM HEART,Christmas
22593,CHRISTMAS GINGHAM STAR,Christmas
22588,CARDHOLDER GINGHAM HEART,Jewelry & Accessories
22589,CARDHOLDER GINGHAM STAR,Jewelry & Accessories
22591,CARDHOLDER GINGHAM CHRISTMAS TREE,Jewelry & Accessories
22573,STAR WOODEN CHRISTMAS DECORATION,Christmas
22581,WOOD STOCKING CHRISTMAS SCANDISPOT,Christmas
22579,WOODEN TREE CHRISTMAS SCANDINAVIAN,Christmas
22578,WOODEN STAR CHRISTMAS SCANDINAVIAN,Christmas
22577,WOODEN HEART CHRISTMAS SCANDINAVIAN,Christmas
22601,CHRISTMAS RETROSPOT ANGEL WOOD,Christmas
22594,CHRISTMAS GINGHAM TREE,Christmas
22576,SWALLOW WOODEN CHRISTMAS DECORATION,Christmas
22574,HEART WOODEN CHRISTMAS DECORATION,Christmas
22652,TRAVEL SEWING KIT,Sewing & Craft
22643,SET OF 4 NAPKIN CHARMS LEAVES,Kitchenware
22642,SET OF 4 NAPKIN CHARMS STARS,Kitchenware
22639,SET OF 4 NAPKIN CHARMS HEARTS,Kitchenware
44092B,BLUE WHITE PLASTIC RINGS LAMPSHADE,Lighting
22575,METAL MERRY CHRISTMAS WREATH,Christmas
22653,BUTTON BOX,Sewing & Craft
22654,DELUXE SEWING KIT,Sewing & Craft
22661,CHARLOTTE BAG DOLLY GIRL DESIGN,Bags & Luggage
22662,LUNCH BAG DOLLY GIRL DESIGN,Bags & Luggage
22663,JUMBO BAG DOLLY GIRL DESIGN,Bags & Luggage
90066A,PINK VINTAGE VICTORIAN CHOKER,Jewelry & Accessories
22580,ADVENT CALENDAR GINGHAM SACK,Christmas
22651,GENTLEMAN SHIRT REPAIR KIT,Sewing & Craft
22641,SET OF 4 NAPKIN CHARMS INSTRUMENT,Kitchenware
85184d,S/4 BLUE ROUND DECOUPAGE BOXES,Gift Packaging
85124c,GREEN JUICY FRUIT PHOTO FRAME,Home Decor
22572,ROCKING HORSE GREEN CHRISTMAS,Toys & Games
22664,TOY TIDY DOLLY GIRL DESIGN,Storage
22604,SET OF 4 NAPKIN CHARMS CUTLERY,Kitchenware
22963,JAM JAR WITH BLUE LID,Kitchenware
22961,JAM MAKING SET PRINTED,Kitchenware
22638,SET OF 4 NAPKIN CHARMS CROWNS,Kitchenware
22571,ROCKING HORSE RED CHRISTMAS,Toys & Games
22599,CHRISTMAS MUSICAL ZINC STAR,Christmas
22597,CHRISTMAS MUSICAL ZINC HEART,Christmas
22598,CHRISTMAS MUSICAL ZINC TREE,Christmas
85099f,JUMBO BAG STRAWBERRY,Bags & Luggage
22592,CARDHOLDER HOLLY WREATH METAL,Jewelry & Accessories
22694,WICKER STAR,Home Decor
22696,WICKER WREATH LARGE,Home Decor
22695,WICKER WREATH SMALL,Home Decor
84968b,S/16 VINTAGE IVORY CUTLERY,Kitchenware
82001s,VINYL RECORD FRAME SILVER,Home Decor
21585,SWALLOW SMALL TUBE MATCHES,Home & Garden
84510b,SET OF 4 FAIRY CAKES COASTERS,Home Decor
84660a,WHITE STITCHED WALL CLOCK,Home Decor
22693,GROW A FLYTRAP OR SUNFLOWER IN TIN,Garden & Outdoors
22752,SET 7 BABUSHKA NESTING BOXES,Storage
22758,LARGE PURPLE BABUSHKA NOTEBOOK,Stationery
22755,SMALL PURPLE BABUSHKA NOTEBOOK,Stationery
22753,SMALL YELLOW BABUSHKA NOTEBOOK,Stationery
22754,SMALL RED BABUSHKA NOTEBOOK,Stationery
22759,SET OF 3 NOTEBOOKS IN PARCEL,Stationery
22757,LARGE RED BABUSHKA NOTEBOOK,Stationery
22756,LARGE YELLOW BABUSHKA NOTEBOOK,Stationery
gift_0001_40,Dotcomgiftshop Gift Voucher £40.00,Miscellaneous
22743,MAKE YOUR OWN FLOWERPOWER CARD KIT,Sewing & Craft
22744,MAKE YOUR OWN MONSOON CARD KIT,Sewing & Craft
22742,MAKE YOUR OWN PLAYTIME CARD KIT,Sewing & Craft
22697,GREEN REGENCY TEACUP AND SAUCER,Kitchenware
22698,PINK REGENCY TEACUP AND SAUCER,Kitchenware
22699,ROSES REGENCY TEACUP AND SAUCER,Kitchenware
47591d,PINK FAIRY CAKE CHILDRENS APRON,Clothing & Shoes
85049a,TRADITIONAL CHRISTMAS RIBBONS,Christmas
22680,"FRENCH BLUE METAL DOOR SIGN, 5",Home Decor
22681,"FRENCH BLUE METAL DOOR SIGN, 6",Home Decor
22677,"FRENCH BLUE METAL DOOR SIGN, 2",Home Decor
22678,"FRENCH BLUE METAL DOOR SIGN, 3",Home Decor
22679,"FRENCH BLUE METAL DOOR SIGN, 4",Home Decor
22682,"FRENCH BLUE METAL DOOR SIGN, 7",Home Decor
22683,"FRENCH BLUE METAL DOOR SIGN, 8",Home Decor
22684,"FRENCH BLUE METAL DOOR SIGN, 9",Home Decor
22685,"FRENCH BLUE METAL DOOR SIGN, 0",Home Decor
22686,"FRENCH BLUE METAL DOOR SIGN, No",Home Decor
22670,FRENCH WC SIGN BLUE METAL,Bathroom
22671,FRENCH LAUNDRY SIGN BLUE METAL,Home Decor
22672,FRENCH BATHROOM SIGN BLUE METAL,Bathroom
22673,FRENCH GARDEN SIGN BLUE METAL,Garden & Outdoors
22674,FRENCH TOILET SIGN BLUE METAL,Bathroom
22675,FRENCH KITCHEN SIGN BLUE METAL,Kitchenware
22676,"FRENCH BLUE METAL DOOR SIGN, 1",Home Decor
90021,LASER CUT MULTI STRAND NECKLACE,Jewelry & Accessories
85095,THREE CANVAS LUGGAGE TAGS,Bags & Luggage
22851,SET 20 NAPKINS FAIRY CAKES DESIGN,Party Supplies
84201C,HAPPY BIRTHDAY CARD TEDDY/CAKE,Stationery
84206B,CAT W SUNGLASSES BLANK CARD,Stationery
22351,DOTCOMGIFTSHOP TEA TOWEL,Kitchenware
84997c,BLUE 3 PIECE MINI DOTS CUTLERY SET,Kitchenware
84966C,GREEN KASHMIRI BOXED MIRROR,Home Decor
22751,FELTCRAFT PRINCESS OLIVIA DOLL,Toys & Games
35591T,TURQUOISE CHRISTMAS TREE,Christmas
35597A,DUSTY PINK CHRISTMAS TREE 30CM,Christmas
22750,FELTCRAFT PRINCESS LOLA DOLL,Toys & Games
22940,FELTCRAFT CHRISTMAS FAIRY,Christmas
22959,WRAP CHRISTMAS VILLAGE,Gift Packaging
22985,"WRAP, BILLBOARD FONTS DESIGN",Gift Packaging
22986,GINGHAM ROSE WRAP,Gift Packaging
22987,"WRAP , SUMMER ROSE DESIGN",Gift Packaging
22749,FELTCRAFT PRINCESS CHARLOTTE DOLL,Toys & Games
22867,HAND WARMER BIRD DESIGN,Personal Care
22865,HAND WARMER OWL DESIGN,Personal Care
22866,HAND WARMER SCOTTY DOG DESIGN,Personal Care
22834,HAND WARMER BABUSHKA DESIGN,Personal Care
22984,"CARD, GINGHAM ROSE",Stationery
22835,HOT WATER BOTTLE I AM SO POORLY,Personal Care
21263,GREEN GOOSE FEATHER TREE 60CM,Home Decor
84596f,SMALL MARSHMALLOWS PINK BOWL,Food & Beverage
47341A,FUSCHIA TABLE RUN FLOWER,Home Decor
22983,"CARD, BILLBOARD FONT",Stationery
22855,FINE WICKER HEART,Home Decor
22812,PACK 3 BOXES CHRISTMAS PANNETONE,Food & Beverage
22732,3D VINTAGE CHRISTMAS STICKERS,Christmas
22821,GIFT BAG PSYCHEDELIC APPLES,Gift Packaging
22820,GIFT BAG BIRTHDAY,Gift Packaging
22948,METAL DECORATION NAUGHTY CHILDREN,Home Decor
22815,CARD PSYCHEDELIC APPLES,Stationery
22817,CARD SUKI BIRTHDAY,Stationery
22734,SET OF 6 RIBBONS VINTAGE CHRISTMAS,Christmas
22735,RIBBON REEL SOCKS AND MITTENS,Sewing & Craft
22737,RIBBON REEL CHRISTMAS PRESENT,Christmas
22738,RIBBON REEL SNOWY VILLAGE,Sewing & Craft
22736,"RIBBON REEL, MAKING SNOWMEN",Sewing & Craft
22739,"RIBBON REEL, XMAS SOCK/BAUBLE",Sewing & Craft
22946,WOODEN ADVENT CALENDAR CREAM,Christmas
22947,WOODEN ADVENT CALENDAR RED,Christmas
22907,PACK OF 20 NAPKINS PANTRY DESIGN,Kitchenware
22862,LOVE HEART NAPKIN BOX,Home Decor
22816,CARD MOTORBIKE SANTA,Stationery
22818,CARD CHRISTMAS VILLAGE,Stationery
22731,3D CHRISTMAS STAMPS STICKERS,Stationery
22854,CREAM SWEETHEART EGG HOLDER,Kitchenware
22909,SET OF 20 VINTAGE CHRISTMAS NAPKINS,Kitchenware
22813,PACK 3 BOXES BIRD PANNETONE,Food & Beverage
22733,3D STICKERS TRADITIONAL CHRISTMAS,Stationery
22952,72 CAKE CASES VINTAGE CHRISTMAS,Kitchenware
22910,PAPER CHAIN KIT VINTAGE CHRISTMAS,Party Supplies
22945,CHRISTMAS METAL TAGS ASSORTED,Christmas
22949,36 DOILIES DOLLY GIRL,Home Decor
22951,72 CAKE CASES DOLLY GIRL DESIGN,Kitchenware
22944,CHRISTMAS METAL POSTCARD WITH BELLS,Christmas
22950,36 DOILIES VINTAGE CHRISTMAS,Home Decor
22906,12 MESSAGE CARDS WITH ENVELOPES,Stationery
22911,PAPER CHAIN KIT LONDON,Party Supplies
22905,CALENDAR IN SEASON DESIGN,Stationery
22904,CALENDAR PAPER CUT DESIGN,Stationery
22819,"BIRTHDAY CARD, RETRO SPOT",Stationery
22809,SET OF 6 T-LIGHTS SANTA,Candles & Fragrance
22810,SET OF 6 T-LIGHTS SNOWMEN,Candles & Fragrance
16248B,BLUE HOLE PUNCH,Stationery
22908,PACK OF 20 NAPKINS RED APPLES,Kitchenware
22806,SET OF 6 T-LIGHTS WEDDING CAKE,Candles & Fragrance
22938,CUPCAKE LACE PAPER SET 6,Kitchenware
22807,SET OF 6 T-LIGHTS TOADSTOOLS,Candles & Fragrance
22808,SET OF 6 T-LIGHTS EASTER CHICKS,Easter
22632,HAND WARMER RED POLKA DOT,Personal Care
22814,CARD PARTY GAMES,Stationery
22811,SET OF 6 T-LIGHTS CACTI,Candles & Fragrance
47591b,SCOTTIES CHILDRENS APRON,Baby & Kids
22863,SOAP DISH BROCANTE,Bathroom
22804,CANDLEHOLDER PINK HANGING HEART,Home Decor
22727,ALARM CLOCK BAKELIKE RED,Home Decor
22729,ALARM CLOCK BAKELIKE ORANGE,Home Decor
22726,ALARM CLOCK BAKELIKE GREEN,Home Decor
22730,ALARM CLOCK BAKELIKE IVORY,Home Decor
22728,ALARM CLOCK BAKELIKE PINK,Home Decor
22725,ALARM CLOCK BAKELIKE CHOCOLATE,Home Decor
22748,POPPY'S PLAYHOUSE KITCHEN,Toys & Games
22745,POPPY'S PLAYHOUSE BEDROOM,Toys & Games
22900,SET 2 TEA TOWELS I LOVE LONDON,Kitchenware
22746,POPPY'S PLAYHOUSE LIVINGROOM,Toys & Games
22894,TABLECLOTH RED APPLES DESIGN,Home Decor
22895,SET OF 2 TEA TOWELS APPLE AND PEARS,Kitchenware
22747,POPPY'S PLAYHOUSE BATHROOM,Toys & Games
22903,CALENDAR FAMILY FAVORITES,Stationery
22899,CHILDRENS APRON DOLLY GIRL,Baby & Kids
22898,CHILDRENS APRON APPLE DESIGN,Baby & Kids
22896,PEG BAG APPLE DESIGN,Home & Garden
22902,TOTE BAG I LOVE LONDON,Bags & Luggage
22897,OVEN MITT APPLE DESIGN,Kitchenware
22939,APRON APPLE DELIGHT,Kitchenware
85232d,SET/3 DECOUPAGE STACKING TINS,Storage
84559b,3D SHEET OF CAT STICKERS,Toys & Games
90068,"RUBY GLASS NECKLACE 42""",Jewelry & Accessories
84030e,ENGLISH ROSE HOT WATER BOTTLE,Personal Care
22740,POLKA DOT PEN,Stationery
22741,FUNKY DIVA PEN,Stationery
85231b,CINAMMON SET OF 9 T-LIGHTS,Candles & Fragrance
84968f,SET OF 16 VINTAGE SKY BLUE CUTLERY,Kitchenware
22857,ASSORTED EASTER GIFT TAGS,Easter
22860,EASTER TIN CHICKS PINK DAISY,Easter
22859,EASTER TIN BUNNY BOUQUET,Easter
22837,HOT WATER BOTTLE BABUSHKA,Personal Care
22633,HAND WARMER UNION JACK,Personal Care
SP1002,KID'S CHALKBOARD/EASEL,Toys & Games
22796,PHOTO FRAME 3 CLASSIC HANGING,Home Decor
22769,CHALKBOARD KITCHEN ORGANISER,Kitchenware
22766,PHOTO FRAME CORNICE,Home Decor
22768,FAMILY PHOTO FRAME CORNICE,Home Decor
22767,TRIPLE PHOTO FRAME CORNICE,Home Decor
22765,NEWSPAPER STAND,Furniture
22762,CUPBOARD 3 DRAWER MA CAMPAGNE,Furniture
22763,KEY CABINET MA CAMPAGNE,Furniture
22760,"TRAY, BREAKFAST IN BED",Kitchenware
35596,WOOD XMAS TREE 9 FIG SHELVES,Christmas
22764,"RUSTIC WOODEN CABINET, GLASS DOORS",Furniture
22770,MIRROR CORNICE,Home Decor
22761,CHEST 7 DRAWER MA CAMPAGNE,Furniture
22840,ROUND CAKE TIN VINTAGE RED,Kitchenware
22841,ROUND CAKE TIN VINTAGE GREEN,Kitchenware
22842,BISCUIT TIN VINTAGE RED,Kitchenware
22847,"BREAD BIN, DINER STYLE, IVORY",Kitchenware
22849,"BREAD BIN, DINER STYLE, MINT",Kitchenware
22790,"MIRROR, ARCHED GEORGIAN",Home Decor
22838,3 TIER CAKE TIN RED AND CREAM,Kitchenware
22846,BREAD BIN DINER STYLE RED,Kitchenware
22839,"CAKE TIN, 3 TIER MINT/IVORY",Kitchenware
22890,NOVELTY BISCUITS CAKE STAND 3 TIER,Kitchenware
22848,BREAD BIN DINER STYLE PINK,Kitchenware
22843,BISCUIT TIN VINTAGE GREEN,Kitchenware
22891,TEA FOR ONE POLKADOT,Food & Beverage
84661a,WHITE SQUARE TABLE CLOCK,Home Decor
22892,SALT AND PEPPER SHAKERS TOADSTOOLS,Kitchenware
22853,ENAMEL CAT BOWL CREAM,Pet Items
22852,ENAMEL DOG BOWL CREAM,Pet Items
22893,MINI CAKE STAND T-LIGHT HOLDER,Home Decor
22845,VINTAGE CREAM CAT FOOD CONTAINER,Pet Items
22788,BROCANTE COAT RACK,Furniture
22785,CUSHION COVER PINK UNION FLAG,Home Decor
22795,SWEETHEART RECIPE BOOK STAND,Home Decor
22781,GUMBALL MAGAZINE RACK,Furniture
22776,SWEETHEART CAKESTAND 3 TIER,Kitchenware
22775,PURPLE DRAWERKNOB ACRYLIC EDWARDIAN,Hardware & Tools
22771,CLEAR DRAWER KNOB ACRYLIC EDWARDIAN,Hardware & Tools
22772,PINK DRAWER KNOB ACRYLIC EDWARDIAN,Hardware & Tools
22773,GREEN DRAWER KNOB ACRYLIC EDWARDIAN,Hardware & Tools
22805,BLUE DRAWER KNOB ACRYLIC EDWARDIAN,Hardware & Tools
22774,RED DRAWER KNOB ACRYLIC EDWARDIAN,Hardware & Tools
22856,ASSORTED EASTER DECORATIONS  BELLS,Easter
22789,T-LIGHT HOLDER SWEETHEART HANGING,Home Decor
22850,BREAD BIN DINER STYLE BLACK,Kitchenware
22797,CHEST OF DRAWERS GINGHAM HEART,Furniture
22786,PILLOWCUSHION COVER PINK UNION JACK,Home Decor
22844,VINTAGE CREAM DOG FOOD CONTAINER,Pet Items
22873,"NUMBER TILE COTTAGE GARDEN, 5",Home Decor
22869,"NUMBER TILE COTTAGE GARDEN, 1",Home Decor
22794,SWEETHEART WIRE MAGAZINE RACK,Furniture
22778,GLASS CLOCHE SMALL,Home Decor
22799,SWEETHEART WIRE FRUIT BOWL,Kitchenware
22878,"NUMBER TILE COTTAGE GARDEN, No",Home Decor
22870,"NUMBER TILE COTTAGE GARDEN, 2",Home Decor
22871,"NUMBER TILE COTTAGE GARDEN, 3",Home Decor
22872,"NUMBER TILE COTTAGE GARDEN, 4",Home Decor
22874,"NUMBER TILE COTTAGE GARDEN, 6",Home Decor
22875,"NUMBER TILE COTTAGE GARDEN, 7",Home Decor
22876,"NUMBER TILE COTTAGE GARDEN, 8",Home Decor
22877,"NUMBER TILE COTTAGE GARDEN, 9",Home Decor
22868,"NUMBER TILE COTTAGE GARDEN, 0",Home Decor
22883,NUMBER TILE VINTAGE FONT 4,Home Decor
22887,NUMBER TILE VINTAGE FONT 8,Home Decor
35815P,"ACRYLIC JEWEL SNOWFLAKE, PINK",Jewelry & Accessories
22882,NUMBER TILE VINTAGE FONT 3,Home Decor
90081B,LILY BROOCH WHITE/SILVER COLOUR,Jewelry & Accessories
22879,NUMBER TILE VINTAGE FONT 0,Home Decor
22885,NUMBER TILE VINTAGE FONT 6,Home Decor
22942,CHRISTMAS LIGHTS 10 SANTAS,Christmas
22941,CHRISTMAS LIGHTS 10 REINDEER,Christmas
22943,CHRISTMAS LIGHTS 10 VINTAGE BAUBLES,Christmas
22827,GIANT SEVENTEEN DRAWER SIDEBOARD,Furniture
22884,NUMBER TILE VINTAGE FONT 5,Home Decor
22828,REGENCY MIRROR WITH SHUTTERS,Home Decor
22825,DECORATIVE PLANT POT WITH FRIEZE,Garden & Outdoors
22777,GLASS CLOCHE LARGE,Home Decor
22784,LANTERN CREAM GAZEBO,Garden & Outdoors
22780,LIGHT GARLAND BUTTERFILES PINK,Home Decor
22791,T-LIGHT GLASS FLUTED ANTIQUE,Candles & Fragrance
22830,UTILTY CABINET WITH HOOKS,Furniture
22801,ANTIQUE GLASS PEDESTAL BOWL,Kitchenware
22792,FLUTED ANTIQUE CANDLE HOLDER,Candles & Fragrance
22798,ANTIQUE GLASS DRESSING TABLE POT,Personal Care
22800,ANTIQUE TALL SWIRLGLASS TRINKET POT,Home Decor
85036b,CHOCOLATE 1 WICK MORRIS BOX CANDLE,Candles & Fragrance
22803,IVORY EMBROIDERED QUILT,Home Decor
84559d,3D SHEET OF SEA WORLD STICKERS,Toys & Games
35004p,SET OF 3 PINK FLYING DUCKS,Toys & Games
22779,WOODEN OWLS LIGHT GARLAND,Lighting
22889,"NUMBER TILE VINTAGE FONT, No",Home Decor
22880,"NUMBER TILE VINTAGE FONT, 1",Home Decor
22886,"NUMBER TILE VINTAGE FONT, 7",Home Decor
22881,"NUMBER TILE VINTAGE FONT, 2",Home Decor
DCGS0062,ROAD-RAGE CAR FRESHENER,Miscellaneous
22783,SET 3 WICKER OVAL BASKETS W LIDS,Storage
22823,CHEST NATURAL WOOD 20 DRAWERS,Furniture
22782,SET 3 WICKER STORAGE BASKETS,Storage
85179a,GREEN BITTY LIGHT CHAIN,Lighting
22802,FAUX FUR CHOCOLATE THROW,Home Decor
22968,ROSE COTTAGE KEEPSAKE BOX,Home Decor
90214Y,"LETTER ""Y"" BLING KEY RING",Jewelry & Accessories
90214U,"LETTER ""U"" BLING KEY RING",Jewelry & Accessories
22955,36 FOIL STAR CAKE CASES,Party Supplies
22888,NUMBER TILE VINTAGE FONT 9,Home Decor
22953,BIRTHDAY PARTY CORDON BARRIER TAPE,Party Supplies
22956,36 FOIL HEART CAKE CASES,Party Supplies
22833,HALL CABINET WITH 3 DRAWERS,Furniture
90176B,DIAMANTE NECKLACE BLACK,Jewelry & Accessories
22954,HEN PARTY CORDON BARRIER TAPE,Party Supplies
22822,CREAM WALL PLANTER HEART SHAPED,Home & Garden
22824,3 TIER SWEETHEART GARDEN SHELF,Garden & Outdoors
22831,WHITE BROCANTE SOAP DISH,Bathroom
22858,EASTER TIN KEEPSAKE,Easter
AMAZONFEE,AMAZON FEE,Special_Code
90142C,ROSE PINK PENDANT SHELL NECKLACE,Jewelry & Accessories
22966,GINGERBREAD MAN COOKIE CUTTER,Kitchenware
22832,SWEETHEART WIRE WALL TIDY,Home Decor
22829,BROCANTE SHELF WITH HOOKS,Furniture
22722,SET OF 6 SPICE TINS PANTRY DESIGN,Kitchenware
84402B,PURPLE DRESS JEWELLERY STAND,Jewelry & Accessories
44228,CANNABIS LEAF BEAD CURTAIN,Home Decor
22923,FRIDGE MAGNETS LES ENFANTS ASSORTED,Home Decor
22914,BLUE COAT RACK PARIS FASHION,Furniture
22913,RED COAT RACK PARIS FASHION,Furniture
22912,YELLOW COAT RACK PARIS FASHION,Furniture
47590b,PINK HAPPY BIRTHDAY BUNTING,Party Supplies
22915,ASSORTED BOTTLE TOP  MAGNETS,Home Decor
22922,FRIDGE MAGNETS US DINER ASSORTED,Home Decor
22924,FRIDGE MAGNETS LA VIE EN ROSE,Home Decor
22926,IVORY GIANT GARDEN THERMOMETER,Garden & Outdoors
22917,HERB MARKER ROSEMARY,Garden & Outdoors
22969,HOMEMADE JAM SCENTED CANDLES,Candles & Fragrance
22964,3 PIECE SPACEBOY COOKIE CUTTER SET,Kitchenware
90127A,PINK BEADS+HAND PHONE CHARM,Jewelry & Accessories
22965,3 TRADITIONAl BISCUIT CUTTERS  SET,Kitchenware
22927,GREEN GIANT GARDEN THERMOMETER,Garden & Outdoors
22921,HERB MARKER CHIVES,Garden & Outdoors
22920,HERB MARKER BASIL,Garden & Outdoors
22916,HERB MARKER THYME,Garden & Outdoors
22918,HERB MARKER PARSLEY,Garden & Outdoors
90142B,IVORY PENDANT SHELL NECKLACE,Jewelry & Accessories
22925,BLUE GIANT GARDEN THERMOMETER,Garden & Outdoors
22919,HERB MARKER MINT,Garden & Outdoors
22928,YELLOW GIANT GARDEN THERMOMETER,Garden & Outdoors
37477C,"FLOWER FAIRY MUG+COASTER,ROSE",Kitchenware
22988,SOLDIERS EGG CUP,Kitchenware
90135,ORANGE/WHT/FUSCHIA STONES NECKLACE,Jewelry & Accessories
90136,PALE PINK/AMETHYST STONE NECKLACE,Jewelry & Accessories
22973,CHILDRENS CIRCUS PARADE MUG,Kitchenware
85035c,ROSE 3 WICK MORRIS BOX CANDLE,Candles & Fragrance
85035a,GARDENIA 3 WICK MORRIS BOXED CANDLE,Candles & Fragrance
22929,SCHOOL DESK AND CHAIR,Furniture
90142D,MOP PENDANT SHELL NECKLACE,Jewelry & Accessories
22972,CHILDREN'S SPACEBOY MUG,Kitchenware
22975,SPACEBOY CHILDRENS EGG CUP,Kitchenware
22974,CHILDRENS DOLLY GIRL MUG,Kitchenware
22976,CIRCUS PARADE CHILDRENS EGG CUP,Kitchenware
22977,DOLLY GIRL CHILDRENS EGG CUP,Kitchenware
35809a,ENAMEL PINK TEA CONTAINER,Kitchenware
84596g,SMALL CHOCOLATES PINK BOWL,Food & Beverage
22962,JAM JAR WITH PINK LID,Kitchenware
22960,JAM MAKING SET WITH JARS,Kitchenware
90182A,AMBER 3 BEAD DROP EARRINGS,Jewelry & Accessories
85049g,CHOCOLATE BOX RIBBONS,Gift Packaging
72803b,OCEAN SCENT CANDLE JEWELLED DRAWER,Candles & Fragrance
79151B,"SILICON CUBE 25W, BLUE",Home & Garden
22930,BAKING MOULD HEART MILK CHOCOLATE,Kitchenware
22931,BAKING MOULD HEART WHITE CHOCOLATE,Kitchenware
22932,BAKING MOULD TOFFEE CUP CHOCOLATE,Kitchenware
22937,BAKING MOULD CHOCOLATE CUPCAKES,Kitchenware
22936,BAKING MOULD ROSE WHITE CHOCOLATE,Kitchenware
22935,BAKING MOULD ROSE MILK CHOCOLATE,Kitchenware
22933,BAKING MOULD EASTER EGG MILK CHOC,Kitchenware
21120,*Boombox Ipod Classic,Miscellaneous
